timestamp,coin,price_usd,change_24h
2026-01-17 16:12:46,BITCOIN,95447,0.76
2026-01-17 17:24:14,BITCOIN,95330,0.69
2026-01-17 18:38:11,BITCOIN,95401,0.3
2026-01-17 19:21:33,BITCOIN,95324,0.49
2026-01-17 20:30:07,BITCOIN,95297,0.33
2026-01-17 21:25:18,BITCOIN,95338,-0.02
2026-01-17 22:27:32,BITCOIN,95150,-0.26
2026-01-17 23:26:41,BITCOIN,95106,-0.42
2026-01-18 02:30:22,BITCOIN,94982,-0.25
2026-01-18 04:10:32,BITCOIN,95123,-0.17
2026-01-18 05:31:16,BITCOIN,95077,-0.21
2026-01-18 06:41:42,BITCOIN,95155,-0.14
2026-01-18 07:26:54,BITCOIN,95063,-0.07
2026-01-18 08:35:35,BITCOIN,95070,-0.11
2026-01-18 09:29:22,BITCOIN,95158,-0.03
2026-01-18 10:29:18,BITCOIN,95076,-0.12
2026-01-18 11:22:59,BITCOIN,95075,-0.04
2026-01-18 12:55:17,BITCOIN,95062,-0.15
2026-01-18 13:34:59,BITCOIN,94901,-0.45
2026-01-18 15:27:02,BITCOIN,94998,-0.5
2026-01-18 16:33:41,BITCOIN,95045,-0.39
2026-01-18 17:24:42,BITCOIN,95200,-0.13
2026-01-18 18:37:27,BITCOIN,95321,-0.1
2026-01-18 19:22:30,BITCOIN,95382,0.08
2026-01-18 20:31:00,BITCOIN,95396,0.12
2026-01-18 21:25:32,BITCOIN,95286,-0.03
2026-01-18 22:27:27,BITCOIN,95426,0.32
2026-01-18 23:27:20,BITCOIN,94875,-0.25
2026-01-19 02:27:34,BITCOIN,92451,-2.68
2026-01-19 04:16:43,BITCOIN,92569,-2.67
2026-01-19 05:38:13,BITCOIN,92571,-2.59
2026-01-19 06:51:52,BITCOIN,92547,-2.71
2026-01-19 07:36:04,BITCOIN,92545,-2.63
2026-01-19 08:44:15,BITCOIN,93048,-2.18
2026-01-19 09:43:50,BITCOIN,92944,-2.36
2026-01-19 10:38:08,BITCOIN,92905,-2.32
2026-01-19 11:28:47,BITCOIN,93051,-2.13
2026-01-19 13:07:09,BITCOIN,92952,-2.22
2026-01-19 14:36:32,BITCOIN,92863,-2.36
2026-01-19 15:35:10,BITCOIN,92920,-2.21
2026-01-19 16:39:18,BITCOIN,93174,-2.01
2026-01-19 17:30:17,BITCOIN,93250,-2.06
2026-01-19 18:03:36,BITCOIN,93196,-2.09
2026-01-19 18:42:56,BITCOIN,92985,-2.44
2026-01-19 19:25:49,BITCOIN,93045,-2.5
2026-01-19 20:33:20,BITCOIN,93159,-2.32
2026-01-19 21:27:41,BITCOIN,92997,-2.4
2026-01-19 22:29:49,BITCOIN,92958,-2.58
2026-01-19 23:28:46,BITCOIN,92422,-2.36
2026-01-20 02:22:38,BITCOIN,92453,-0.05
2026-01-20 04:11:25,BITCOIN,92355,-0.24
2026-01-20 05:37:06,BITCOIN,91678,-0.97
2026-01-20 06:50:01,BITCOIN,90923,-1.75
2026-01-20 07:36:36,BITCOIN,90990,-1.68
2026-01-20 08:43:34,BITCOIN,90719,-2.45
2026-01-20 09:40:53,BITCOIN,90879,-2.22
2026-01-20 10:37:36,BITCOIN,91117,-1.95
2026-01-20 11:30:50,BITCOIN,91319,-1.88
2026-01-20 13:07:43,BITCOIN,90960,-2.14
2026-01-20 14:39:24,BITCOIN,90822,-2.19
2026-01-20 15:39:05,BITCOIN,90601,-2.51
2026-01-20 16:45:10,BITCOIN,90092,-3.32
2026-01-20 17:37:43,BITCOIN,89762,-3.63
2026-01-20 18:58:11,BITCOIN,89406,-3.87
2026-01-20 20:18:27,BITCOIN,89372,-4.06
2026-01-20 21:29:26,BITCOIN,89552,-3.71
2026-01-20 22:30:18,BITCOIN,89393,-3.84
2026-01-20 23:31:07,BITCOIN,88032,-4.76
2026-01-21 02:25:33,BITCOIN,89123,-3.6
2026-01-21 04:10:43,BITCOIN,89348,-3.29
2026-01-21 05:36:45,BITCOIN,89603,-2.26
2026-01-21 06:50:04,BITCOIN,89472,-1.68
2026-01-21 07:36:41,BITCOIN,89331,-1.91
2026-01-21 08:41:26,BITCOIN,88969,-1.88
2026-01-21 09:40:38,BITCOIN,89359,-1.64
2026-01-21 10:38:34,BITCOIN,89168,-2.09
2026-01-21 11:31:49,BITCOIN,89227,-2.27
2026-01-21 13:06:33,BITCOIN,88791,-2.44
2026-01-21 14:39:41,BITCOIN,89483,-1.42
2026-01-21 15:40:46,BITCOIN,89885,-0.84
2026-01-21 17:06:46,BITCOIN,87883,-2.6
2026-01-21 18:54:09,BITCOIN,88482,-1.11
2026-01-21 19:34:45,BITCOIN,89670,0.42
2026-01-21 20:40:21,BITCOIN,89884,0.39
2026-01-21 21:35:39,BITCOIN,90075,0.74
2026-01-21 22:34:27,BITCOIN,89918,1.73
2026-01-21 23:33:40,BITCOIN,89860,1.75
2026-01-22 02:26:48,BITCOIN,90181,1.18
2026-01-22 04:14:25,BITCOIN,89846,0.64
2026-01-22 05:36:37,BITCOIN,89873,0.29
2026-01-22 06:48:09,BITCOIN,90084,0.7
2026-01-22 07:35:35,BITCOIN,89861,0.41
2026-01-22 08:43:27,BITCOIN,89766,0.91
2026-01-22 09:40:46,BITCOIN,90022,0.75
2026-01-22 10:37:19,BITCOIN,89965,0.86
2026-01-22 11:29:58,BITCOIN,89870,0.68
2026-01-22 13:07:41,BITCOIN,89943,1.45
2026-01-22 15:39:04,BITCOIN,88712,-1.31
2026-01-22 16:44:51,BITCOIN,88843,0.69
2026-01-22 17:37:22,BITCOIN,89092,1.76
2026-01-22 18:46:16,BITCOIN,89581,1.68
2026-01-22 19:31:19,BITCOIN,89417,-0.15
2026-01-22 20:37:02,BITCOIN,89557,-0.39
2026-01-22 21:31:24,BITCOIN,89504,-0.6
2026-01-22 22:31:48,BITCOIN,89310,-0.68
2026-01-22 23:29:36,BITCOIN,89361,-0.59
2026-01-23 02:22:56,BITCOIN,89758,-0.48
2026-01-23 04:08:52,BITCOIN,89782,-0.09
2026-01-23 05:36:11,BITCOIN,89548,-0.38
2026-01-23 06:47:43,BITCOIN,89500,-0.64
2026-01-23 07:33:42,BITCOIN,89516,-0.4
2026-01-23 08:40:39,BITCOIN,89086,-0.74
2026-01-23 09:38:14,BITCOIN,88941,-1.17
2026-01-23 10:34:28,BITCOIN,88904,-1.18
2026-01-23 11:28:41,BITCOIN,89138,-0.8
2026-01-23 13:04:25,BITCOIN,89171,-0.85
2026-01-23 14:34:00,BITCOIN,89456,-0.04
2026-01-23 15:34:34,BITCOIN,88872,0.36
2026-01-23 16:40:34,BITCOIN,90105,1.53
2026-01-23 17:31:43,BITCOIN,90705,1.79
2026-01-23 18:46:24,BITCOIN,90640,1.19
2026-01-23 19:29:53,BITCOIN,89894,0.53
2026-01-23 20:35:04,BITCOIN,89379,-0.2
2026-01-23 21:29:17,BITCOIN,89546,0.04
2026-01-23 22:27:14,BITCOIN,89602,0.32
2026-01-23 23:29:48,BITCOIN,89465,0.15
2026-01-24 02:12:27,BITCOIN,89521,-0.22
2026-01-24 04:02:06,BITCOIN,89636,-0.16
2026-01-24 05:29:25,BITCOIN,89695,0.19
2026-01-24 06:42:08,BITCOIN,89518,0.04
2026-01-24 07:26:56,BITCOIN,89442,-0.12
2026-01-24 08:36:12,BITCOIN,89477,0.27
2026-01-24 09:28:40,BITCOIN,89473,0.48
2026-01-24 10:29:41,BITCOIN,89480,0.57
2026-01-24 11:24:26,BITCOIN,89492,0.42
2026-01-24 12:56:20,BITCOIN,89389,0.19
2026-01-24 13:37:19,BITCOIN,89388,0.24
2026-01-24 14:27:31,BITCOIN,89319,-0.25
2026-01-24 15:28:18,BITCOIN,89284,0.32
2026-01-24 16:34:03,BITCOIN,89117,-0.38
2026-01-24 17:25:03,BITCOIN,89254,-1.29
2026-01-24 18:39:55,BITCOIN,89304,-1.59
2026-01-24 19:22:51,BITCOIN,89152,-0.95
2026-01-24 20:30:16,BITCOIN,89255,-0.44
2026-01-24 21:25:25,BITCOIN,89178,-0.4
2026-01-24 22:27:57,BITCOIN,89268,-0.38
2026-01-24 23:27:02,BITCOIN,89232,-0.26
2026-01-25 02:34:05,BITCOIN,89013,-0.55
2026-01-25 04:18:27,BITCOIN,88856,-0.91
2026-01-25 05:34:48,BITCOIN,88790,-1.0
2026-01-25 06:42:37,BITCOIN,88610,-1.02
2026-01-25 07:28:23,BITCOIN,88647,-0.89
2026-01-25 08:36:46,BITCOIN,88509,-1.08
2026-01-25 09:29:54,BITCOIN,88308,-1.3
2026-01-25 10:30:33,BITCOIN,88450,-1.15
2026-01-25 11:24:36,BITCOIN,88508,-1.09
2026-01-25 12:58:21,BITCOIN,88627,-0.85
2026-01-25 13:39:21,BITCOIN,88655,-0.81
2026-01-25 14:27:20,BITCOIN,88564,-0.83
2026-01-25 15:28:33,BITCOIN,88510,-0.87
2026-01-25 16:35:11,BITCOIN,87730,-1.54
2026-01-25 17:25:15,BITCOIN,87817,-1.62
2026-01-25 18:40:04,BITCOIN,87251,-2.31
2026-01-25 19:23:08,BITCOIN,86770,-2.67
2026-01-25 20:32:37,BITCOIN,86367,-3.23
2026-01-25 21:27:13,BITCOIN,86767,-2.71
2026-01-25 22:28:39,BITCOIN,86241,-3.39
2026-01-25 23:27:58,BITCOIN,86464,-3.1
2026-01-26 02:33:15,BITCOIN,87813,-1.33
2026-01-26 04:21:06,BITCOIN,87412,-1.59
2026-01-26 05:38:27,BITCOIN,87721,-1.16
2026-01-26 06:50:43,BITCOIN,87831,-0.99
2026-01-26 07:35:34,BITCOIN,87640,-1.09
2026-01-26 08:44:34,BITCOIN,88001,-0.17
2026-01-26 09:42:37,BITCOIN,87623,-0.82
2026-01-26 10:36:05,BITCOIN,87828,-0.68
2026-01-26 11:28:27,BITCOIN,87753,-0.87
2026-01-26 13:05:32,BITCOIN,87696,-1.1
2026-01-26 14:37:26,BITCOIN,88046,-0.6
2026-01-26 15:37:24,BITCOIN,88229,-0.39
2026-01-26 16:44:44,BITCOIN,87443,-0.43
2026-01-26 17:37:25,BITCOIN,87268,-0.46
2026-01-26 18:49:07,BITCOIN,87915,0.93
2026-01-26 19:30:56,BITCOIN,88076,1.95
2026-01-26 20:36:28,BITCOIN,87727,1.76
2026-01-26 21:32:00,BITCOIN,87884,1.58
2026-01-26 22:31:05,BITCOIN,87981,1.99
2026-01-26 23:30:43,BITCOIN,88297,2.19
2026-01-27 02:28:58,BITCOIN,88482,0.85
2026-01-27 04:12:37,BITCOIN,88760,1.6
2026-01-27 05:35:43,BITCOIN,88412,0.78
2026-01-27 06:49:08,BITCOIN,88222,0.38
2026-01-27 07:35:46,BITCOIN,88433,0.91
2026-01-27 08:43:13,BITCOIN,88135,0.21
2026-01-27 09:41:33,BITCOIN,87913,0.33
2026-01-27 10:37:46,BITCOIN,87764,-0.01
2026-01-27 11:30:18,BITCOIN,87747,-0.05
2026-01-27 13:08:03,BITCOIN,87872,0.24
2026-01-27 14:38:40,BITCOIN,87940,-0.1
2026-01-27 15:37:49,BITCOIN,87577,-0.67
2026-01-27 16:39:47,BITCOIN,88490,0.99
2026-01-27 17:36:09,BITCOIN,87686,0.57
2026-01-27 18:52:04,BITCOIN,87833,-0.31
2026-01-27 19:34:25,BITCOIN,88118,0.05
2026-01-27 20:31:36,BITCOIN,88997,1.38
2026-01-27 21:26:43,BITCOIN,89162,1.68
2026-01-27 22:30:14,BITCOIN,89019,1.19
2026-01-27 23:30:49,BITCOIN,89374,1.23
2026-01-28 02:25:03,BITCOIN,89194,0.76
2026-01-28 04:10:55,BITCOIN,88889,0.26
2026-01-28 05:36:31,BITCOIN,88842,0.47
2026-01-28 06:49:22,BITCOIN,89053,0.98
2026-01-28 07:34:27,BITCOIN,89108,0.75
2026-01-28 08:43:46,BITCOIN,89011,1.01
2026-01-28 09:42:03,BITCOIN,89209,1.47
2026-01-28 10:38:13,BITCOIN,89334,1.83
2026-01-28 11:29:59,BITCOIN,89280,1.73
2026-01-28 13:08:15,BITCOIN,89894,2.37
2026-01-28 14:39:49,BITCOIN,89801,2.0
2026-01-28 15:41:25,BITCOIN,89319,1.9
2026-01-28 16:50:05,BITCOIN,89528,1.02
2026-01-28 17:39:27,BITCOIN,89419,2.19
2026-01-28 18:48:34,BITCOIN,89471,1.98
2026-01-28 19:37:18,BITCOIN,89281,1.2
2026-01-28 20:41:01,BITCOIN,89175,0.35
2026-01-28 21:37:31,BITCOIN,88957,-0.14
2026-01-28 22:36:01,BITCOIN,89131,0.09
2026-01-28 23:34:08,BITCOIN,89165,-0.21
2026-01-29 02:42:16,BITCOIN,88138,-1.09
2026-01-29 04:44:42,BITCOIN,88041,-1.03
2026-01-29 05:52:24,BITCOIN,88115,-0.84
2026-01-29 07:00:01,BITCOIN,88182,-1.18
2026-01-29 07:50:56,BITCOIN,88231,-1.02
2026-01-29 08:53:16,BITCOIN,87855,-1.22
2026-01-29 09:54:03,BITCOIN,87822,-1.59
2026-01-29 10:48:42,BITCOIN,87782,-1.74
2026-01-29 11:38:35,BITCOIN,87684,-1.8
2026-01-29 13:15:37,BITCOIN,87962,-2.36
2026-01-29 14:47:23,BITCOIN,87526,-2.19
2026-01-29 15:44:33,BITCOIN,84545,-5.43
2026-01-29 16:53:49,BITCOIN,84724,-5.35
2026-01-29 17:44:07,BITCOIN,84745,-5.33
2026-01-29 18:59:10,BITCOIN,83491,-6.64
2026-01-29 19:37:46,BITCOIN,83975,-5.98
2026-01-29 20:39:48,BITCOIN,83704,-6.23
2026-01-29 21:35:58,BITCOIN,84233,-5.41
2026-01-29 22:36:30,BITCOIN,84281,-5.4
2026-01-29 23:34:21,BITCOIN,84494,-5.26
2026-01-30 02:42:33,BITCOIN,81880,-7.03
2026-01-30 04:47:05,BITCOIN,82793,-6.03
2026-01-30 05:54:40,BITCOIN,82965,-5.84
2026-01-30 07:01:58,BITCOIN,82492,-6.46
2026-01-30 08:52:03,BITCOIN,82462,-6.2
2026-01-30 09:50:07,BITCOIN,82199,-6.46
2026-01-30 10:44:38,BITCOIN,82410,-6.14
2026-01-30 11:35:54,BITCOIN,82667,-5.77
2026-01-30 13:13:58,BITCOIN,82647,-6.04
2026-01-30 14:41:51,BITCOIN,83250,-5.03
2026-01-30 15:43:34,BITCOIN,83122,-1.6
2026-01-30 16:51:35,BITCOIN,83035,-2.22
2026-01-30 17:41:10,BITCOIN,83005,-2.14
2026-01-30 18:56:10,BITCOIN,83621,-0.16
2026-01-30 19:38:59,BITCOIN,84371,0.51
2026-01-30 20:40:03,BITCOIN,83602,-0.18
2026-01-30 21:35:37,BITCOIN,84223,0.0
2026-01-30 22:34:49,BITCOIN,83857,-0.55
2026-01-30 23:34:01,BITCOIN,83894,-0.78
2026-01-31 02:38:07,BITCOIN,83893,2.43
2026-01-31 04:40:27,BITCOIN,83973,1.12
2026-01-31 05:45:29,BITCOIN,83911,1.09
2026-01-31 06:51:56,BITCOIN,83591,1.63
2026-01-31 07:35:43,BITCOIN,83441,1.05
2026-01-31 08:40:00,BITCOIN,82829,0.56
2026-01-31 09:36:39,BITCOIN,83106,0.96
2026-01-31 10:33:41,BITCOIN,82991,0.64
2026-01-31 11:28:19,BITCOIN,82935,0.34
2026-01-31 13:04:43,BITCOIN,82676,0.2
2026-01-31 14:32:28,BITCOIN,81412,-1.97
2026-01-31 15:31:42,BITCOIN,81149,-2.18
2026-01-31 16:39:42,BITCOIN,81013,-2.49
2026-01-31 17:30:50,BITCOIN,78988,-5.07
2026-01-31 18:43:59,BITCOIN,77362,-6.0
2026-01-31 19:27:53,BITCOIN,77870,-7.59
2026-01-31 20:34:42,BITCOIN,77090,-8.24
2026-01-31 21:29:45,BITCOIN,77799,-7.66
2026-01-31 22:31:53,BITCOIN,78252,-6.72
2026-01-31 23:31:00,BITCOIN,78874,-6.12
2026-02-01 03:20:09,BITCOIN,78706,-6.39
2026-02-01 05:25:02,BITCOIN,78769,-6.02
2026-02-01 07:00:41,BITCOIN,78257,-6.44
2026-02-01 08:41:56,BITCOIN,78688,-4.79
2026-02-01 09:39:03,BITCOIN,78744,-5.27
2026-02-01 10:35:42,BITCOIN,78836,-4.95
2026-02-01 11:28:42,BITCOIN,78364,-5.5
2026-02-01 13:07:07,BITCOIN,78496,-5.05
2026-02-01 14:34:30,BITCOIN,77739,-4.38
2026-02-01 15:33:45,BITCOIN,76976,-5.19
2026-02-01 16:39:52,BITCOIN,77510,-4.15
2026-02-01 17:32:26,BITCOIN,77513,-1.45
2026-02-01 18:48:20,BITCOIN,77924,0.37
2026-02-01 19:31:55,BITCOIN,77624,-0.3
2026-02-01 20:36:25,BITCOIN,76927,-0.2
2026-02-01 21:31:37,BITCOIN,76943,-1.0
2026-02-01 22:34:10,BITCOIN,77221,-1.25
2026-02-01 23:33:38,BITCOIN,76818,-2.61
2026-02-02 02:52:53,BITCOIN,76728,-2.59
2026-02-02 05:05:10,BITCOIN,75735,-3.84
2026-02-02 07:13:26,BITCOIN,76539,-1.96
2026-02-02 08:55:49,BITCOIN,76970,-2.1
2026-02-02 10:01:20,BITCOIN,77623,-1.54
2026-02-02 11:40:31,BITCOIN,77826,-1.01
2026-02-02 13:18:25,BITCOIN,77825,-1.01
2026-02-02 14:51:20,BITCOIN,78273,0.45
2026-02-02 15:44:03,BITCOIN,79051,2.5
2026-02-02 16:52:50,BITCOIN,78673,1.78
2026-02-02 17:48:46,BITCOIN,78874,1.89
2026-02-02 23:36:30,BITCOIN,78627,1.94
2026-02-03 02:49:03,BITCOIN,78248,1.88
2026-02-03 04:54:04,BITCOIN,78792,3.82
2026-02-03 05:57:22,BITCOIN,78276,3.76
2026-02-03 07:04:36,BITCOIN,78475,2.71
2026-02-03 08:51:19,BITCOIN,78818,2.51
2026-02-03 09:54:24,BITCOIN,78311,0.87
2026-02-03 10:52:05,BITCOIN,78155,0.87
2026-02-03 11:40:52,BITCOIN,78155,0.41
2026-02-03 13:19:03,BITCOIN,78308,0.59
2026-02-03 14:54:07,BITCOIN,77735,-0.67
2026-02-03 15:57:59,BITCOIN,77946,-1.04
2026-02-03 17:05:58,BITCOIN,76347,-2.9
2026-02-03 19:06:12,BITCOIN,73079,-6.81
2026-02-03 20:49:01,BITCOIN,76379,-2.11
2026-02-03 21:43:07,BITCOIN,76204,-2.85
2026-02-03 22:38:40,BITCOIN,75911,-3.56
2026-02-03 23:36:22,BITCOIN,75774,-3.53
2026-02-04 02:43:37,BITCOIN,75726,-3.3
2026-02-04 04:47:02,BITCOIN,76489,-3.06
2026-02-04 05:56:23,BITCOIN,76036,-3.0
2026-02-04 07:05:07,BITCOIN,76425,-2.66
2026-02-04 08:55:01,BITCOIN,76416,-2.84
2026-02-04 09:55:32,BITCOIN,76084,-2.71
2026-02-04 10:51:34,BITCOIN,76139,-2.47
2026-02-04 11:40:07,BITCOIN,75979,-2.79
2026-02-04 13:18:29,BITCOIN,75951,-3.02
2026-02-04 14:50:29,BITCOIN,75316,-3.31
2026-02-04 15:53:31,BITCOIN,73952,-5.12
2026-02-04 16:59:59,BITCOIN,73580,-3.93
2026-02-04 17:57:29,BITCOIN,72376,-3.46
2026-02-04 19:02:59,BITCOIN,73362,0.34
2026-02-04 20:44:53,BITCOIN,73507,-3.64
2026-02-04 21:41:29,BITCOIN,73117,-4.02
2026-02-04 22:37:24,BITCOIN,73043,-3.67
2026-02-04 23:35:56,BITCOIN,73197,-3.4
2026-02-05 02:45:46,BITCOIN,72475,-4.57
2026-02-05 04:55:26,BITCOIN,70967,-7.15
2026-02-05 06:02:26,BITCOIN,70658,-7.38
2026-02-05 07:53:31,BITCOIN,70828,-7.34
2026-02-05 08:55:46,BITCOIN,71031,-7.04
2026-02-05 09:56:26,BITCOIN,71553,-5.95
2026-02-05 10:53:39,BITCOIN,70931,-6.89
2026-02-05 11:41:09,BITCOIN,70374,-7.36
2026-02-05 13:20:41,BITCOIN,69412,-8.48
2026-02-05 14:53:28,BITCOIN,70012,-6.41
2026-02-05 15:50:51,BITCOIN,67216,-9.15
2026-02-05 17:00:04,BITCOIN,68226,-7.21
2026-02-05 17:58:41,BITCOIN,66261,-8.25
2026-02-05 19:02:13,BITCOIN,66194,-9.77
2026-02-05 20:43:12,BITCOIN,63714,-13.34
2026-02-05 21:37:56,BITCOIN,63365,-13.31
2026-02-05 22:36:35,BITCOIN,63725,-12.85
2026-02-05 23:31:59,BITCOIN,64270,-12.19
2026-02-06 02:46:12,BITCOIN,65178,-9.99
2026-02-06 04:53:43,BITCOIN,64854,-8.83
2026-02-06 06:00:08,BITCOIN,66285,-6.04
2026-02-06 07:09:44,BITCOIN,64744,-8.81
2026-02-06 08:55:20,BITCOIN,64895,-8.63
2026-02-06 09:54:36,BITCOIN,65874,-7.71
2026-02-06 10:51:18,BITCOIN,65900,-7.2
2026-02-06 11:40:56,BITCOIN,66064,-6.21
2026-02-06 13:17:54,BITCOIN,66941,-3.53
2026-02-06 14:49:13,BITCOIN,68465,-2.46
2026-02-06 15:50:43,BITCOIN,68890,2.42
2026-02-06 16:57:14,BITCOIN,70124,2.5
2026-02-06 17:52:23,BITCOIN,70853,6.19
2026-02-06 19:02:06,BITCOIN,69753,5.33
2026-02-06 20:43:06,BITCOIN,70295,10.56
2026-02-06 21:39:22,BITCOIN,70137,10.44
2026-02-06 22:34:40,BITCOIN,70816,11.22
2026-02-06 23:34:07,BITCOIN,70728,10.55
2026-02-07 02:41:23,BITCOIN,70436,8.09
2026-02-07 04:44:16,BITCOIN,70722,9.32
2026-02-07 05:50:41,BITCOIN,70166,6.49
2026-02-07 06:55:03,BITCOIN,69598,7.22
2026-02-07 07:38:11,BITCOIN,67820,3.95
2026-02-07 08:42:05,BITCOIN,68342,5.66
2026-02-07 09:38:55,BITCOIN,68160,3.72
2026-02-07 10:35:44,BITCOIN,67868,2.85
2026-02-07 11:29:18,BITCOIN,67902,2.97
2026-02-07 13:06:40,BITCOIN,69055,3.51
2026-02-07 14:34:48,BITCOIN,68905,2.79
2026-02-07 15:33:39,BITCOIN,69260,1.65
2026-02-07 16:41:01,BITCOIN,69292,-0.5
2026-02-07 17:34:10,BITCOIN,68962,-2.76
2026-02-07 18:48:49,BITCOIN,69430,-0.92
2026-02-07 19:31:28,BITCOIN,69374,-1.36
2026-02-07 20:37:33,BITCOIN,69535,-1.33
2026-02-07 21:34:28,BITCOIN,69546,-1.18
2026-02-07 22:35:36,BITCOIN,69458,-1.93
2026-02-07 23:38:04,BITCOIN,69183,-2.13
2026-02-08 03:25:28,BITCOIN,69307,-1.87
2026-02-08 05:27:16,BITCOIN,69213,-1.51
2026-02-08 07:01:07,BITCOIN,69275,-0.25
2026-02-08 08:42:38,BITCOIN,70419,2.98
2026-02-08 09:38:38,BITCOIN,70141,2.96
2026-02-08 10:37:04,BITCOIN,70040,3.26
2026-02-08 11:30:19,BITCOIN,70633,3.98
2026-02-08 13:07:24,BITCOIN,70995,2.82
2026-02-08 14:37:04,BITCOIN,71281,3.48
2026-02-08 15:34:46,BITCOIN,71031,2.66
2026-02-08 16:41:06,BITCOIN,70941,2.43
2026-02-08 17:34:50,BITCOIN,70613,2.42
2026-02-08 18:50:02,BITCOIN,71289,2.64
2026-02-08 19:32:23,BITCOIN,71200,2.7
2026-02-08 20:37:33,BITCOIN,71061,2.17
2026-02-08 21:35:27,BITCOIN,70844,1.93
2026-02-08 22:36:42,BITCOIN,70735,1.83
2026-02-08 23:39:09,BITCOIN,70114,1.49
2026-02-09 02:53:38,BITCOIN,70686,2.12
2026-02-09 05:08:11,BITCOIN,70853,2.38
2026-02-09 07:17:16,BITCOIN,70709,1.9
2026-02-09 09:04:01,BITCOIN,69877,-0.83
2026-02-09 11:02:03,BITCOIN,68729,-2.09
2026-02-09 13:27:07,BITCOIN,69158,-3.13
2026-02-09 15:01:10,BITCOIN,69263,-2.69
2026-02-09 17:06:07,BITCOIN,70207,-0.49
2026-02-09 19:27:18,BITCOIN,70601,-0.82
2026-02-09 20:53:06,BITCOIN,70737,-0.17
2026-02-09 21:49:39,BITCOIN,69956,-1.1
2026-02-09 22:48:43,BITCOIN,70466,-0.64
2026-02-09 23:47:49,BITCOIN,70298,-0.16
2026-02-10 03:18:37,BITCOIN,69760,-1.43
2026-02-10 05:41:31,BITCOIN,69596,-1.98
2026-02-10 07:17:28,BITCOIN,68964,-2.5
2026-02-10 09:05:24,BITCOIN,69215,-0.89
2026-02-10 11:02:37,BITCOIN,68832,-0.01
2026-02-10 13:42:55,BITCOIN,68891,-0.25
2026-02-10 15:11:27,BITCOIN,68942,-0.92
2026-02-10 17:18:10,BITCOIN,69393,-0.99
2026-02-10 19:18:14,BITCOIN,68859,-2.31
2026-02-10 20:55:31,BITCOIN,68768,-2.79
2026-02-10 21:52:41,BITCOIN,68569,-2.45
2026-02-10 22:51:38,BITCOIN,68618,-2.57
2026-02-10 23:48:29,BITCOIN,68711,-2.11
2026-02-11 03:16:35,BITCOIN,68568,-1.76
2026-02-11 05:40:25,BITCOIN,67471,-2.84
2026-02-11 07:14:18,BITCOIN,66668,-3.32
2026-02-11 09:00:09,BITCOIN,66954,-3.06
2026-02-11 10:05:34,BITCOIN,66711,-3.41
2026-02-11 11:51:31,BITCOIN,66954,-2.49
2026-02-11 13:40:01,BITCOIN,67332,-2.34
2026-02-11 15:03:04,BITCOIN,66550,-2.88
2026-02-11 17:12:26,BITCOIN,66193,-4.66
2026-02-11 19:14:24,BITCOIN,67475,-2.02
2026-02-11 20:49:24,BITCOIN,67401,-2.15
2026-02-11 21:40:57,BITCOIN,68176,-0.43
2026-02-11 22:38:35,BITCOIN,67415,-1.94
2026-02-11 23:40:43,BITCOIN,66909,-2.48
2026-02-12 02:55:41,BITCOIN,67548,-1.57
2026-02-12 05:06:02,BITCOIN,67100,-0.86
2026-02-12 07:13:29,BITCOIN,66908,0.34
2026-02-12 08:57:47,BITCOIN,67079,0.24
2026-02-12 10:01:55,BITCOIN,67503,1.04
2026-02-12 11:46:27,BITCOIN,68047,1.65
2026-02-12 13:26:55,BITCOIN,67848,1.44
2026-02-12 14:56:46,BITCOIN,67924,1.47
2026-02-12 16:02:28,BITCOIN,67135,0.96
2026-02-12 17:59:39,BITCOIN,65463,-1.76
2026-02-12 19:17:30,BITCOIN,65439,-3.01
2026-02-12 20:44:26,BITCOIN,65560,-2.65
2026-02-12 21:41:41,BITCOIN,65731,-3.5
2026-02-12 22:40:06,BITCOIN,65967,-2.24
2026-02-12 23:37:57,BITCOIN,66275,-0.95
2026-02-13 02:56:04,BITCOIN,66630,-1.33
2026-02-13 05:00:22,BITCOIN,66358,-0.94
2026-02-13 06:10:39,BITCOIN,66198,-1.23
2026-02-13 07:54:44,BITCOIN,66092,-1.49
2026-02-13 08:55:16,BITCOIN,66592,-0.65
2026-02-13 09:56:02,BITCOIN,66923,-0.79
2026-02-13 10:53:05,BITCOIN,66971,-1.2
2026-02-13 11:37:52,BITCOIN,66831,-1.9
2026-02-13 13:19:22,BITCOIN,66984,-1.23
2026-02-13 14:51:29,BITCOIN,67844,0.31
2026-02-13 15:52:43,BITCOIN,68542,1.67
2026-02-13 16:58:11,BITCOIN,69110,5.33
2026-02-13 17:50:01,BITCOIN,69048,4.95
2026-02-13 19:02:13,BITCOIN,69092,5.43
2026-02-13 20:50:08,BITCOIN,68793,5.27
2026-02-13 21:45:25,BITCOIN,68848,4.74
2026-02-13 22:41:38,BITCOIN,68769,4.01
2026-02-13 23:38:21,BITCOIN,68883,4.02
2026-02-14 02:43:29,BITCOIN,68885,3.54
2026-02-14 04:47:58,BITCOIN,68803,3.77
2026-02-14 05:52:43,BITCOIN,68799,3.63
2026-02-14 06:57:32,BITCOIN,68872,4.09
2026-02-14 07:40:23,BITCOIN,68945,3.98
2026-02-14 08:42:17,BITCOIN,69633,4.87
2026-02-14 09:39:27,BITCOIN,69639,4.2
2026-02-14 10:35:53,BITCOIN,69593,4.03
2026-02-14 11:30:01,BITCOIN,70171,4.82
2026-02-14 13:06:34,BITCOIN,70048,4.46
2026-02-14 14:35:14,BITCOIN,69554,3.42
2026-02-14 15:33:57,BITCOIN,69894,1.41
2026-02-14 16:40:03,BITCOIN,69527,0.36
2026-02-14 17:33:08,BITCOIN,69819,1.26
2026-02-14 18:48:08,BITCOIN,69710,0.8
2026-02-14 19:31:43,BITCOIN,69813,1.16
2026-02-14 20:36:04,BITCOIN,69828,1.44
2026-02-14 21:32:37,BITCOIN,69960,1.66
2026-02-14 22:33:12,BITCOIN,69910,1.6
2026-02-14 23:33:01,BITCOIN,69809,1.28
2026-02-15 02:57:00,BITCOIN,69488,0.93
2026-02-15 05:01:27,BITCOIN,70153,2.03
2026-02-15 07:00:30,BITCOIN,70372,2.14
2026-02-15 08:42:51,BITCOIN,70277,0.94
2026-02-15 09:40:18,BITCOIN,70476,1.16
2026-02-15 10:36:49,BITCOIN,70343,1.04
2026-02-15 11:30:15,BITCOIN,70342,0.26
2026-02-15 13:08:23,BITCOIN,69421,-0.27
2026-02-15 14:36:01,BITCOIN,68993,-0.82
2026-02-15 15:33:19,BITCOIN,68914,-1.39
2026-02-15 16:40:50,BITCOIN,68913,-0.86
2026-02-15 17:33:39,BITCOIN,68927,-1.23
2026-02-15 18:49:04,BITCOIN,68446,-1.86
2026-02-15 19:33:27,BITCOIN,68463,-1.95
2026-02-15 20:36:47,BITCOIN,68468,-1.98
2026-02-15 21:32:51,BITCOIN,68798,-1.67
2026-02-15 22:34:21,BITCOIN,68970,-1.33
2026-02-15 23:34:58,BITCOIN,68633,-1.64
2026-02-16 02:52:27,BITCOIN,68344,-1.56
2026-02-16 05:06:58,BITCOIN,68630,-2.14
2026-02-16 07:16:06,BITCOIN,68560,-2.61
2026-02-16 08:59:35,BITCOIN,68711,-2.4
2026-02-16 10:06:37,BITCOIN,68887,-2.09
2026-02-16 11:46:35,BITCOIN,68563,-2.47
2026-02-16 13:21:35,BITCOIN,69664,0.25
2026-02-16 14:52:24,BITCOIN,68579,-0.69
2026-02-16 15:50:40,BITCOIN,67467,-2.25
2026-02-16 16:56:01,BITCOIN,67830,-1.68
2026-02-16 17:47:00,BITCOIN,67974,-0.47
2026-02-16 18:56:44,BITCOIN,67943,-0.69
2026-02-16 19:37:57,BITCOIN,67993,-0.6
2026-02-16 20:40:12,BITCOIN,68140,-0.47
2026-02-16 21:36:53,BITCOIN,68478,-0.37
2026-02-16 22:37:45,BITCOIN,68672,-0.44
2026-02-16 23:37:27,BITCOIN,68624,0.0
2026-02-17 02:48:54,BITCOIN,68933,0.72
2026-02-17 04:59:52,BITCOIN,68389,-0.65
2026-02-17 06:06:08,BITCOIN,68228,-0.21
2026-02-17 07:54:57,BITCOIN,68429,-0.13
2026-02-17 08:57:18,BITCOIN,68130,-0.87
2026-02-17 10:00:32,BITCOIN,68082,-1.27
2026-02-17 11:44:12,BITCOIN,67756,-1.23
2026-02-17 13:22:16,BITCOIN,68022,-2.27
2026-02-17 14:55:42,BITCOIN,66847,-2.19
2026-02-17 16:01:06,BITCOIN,67352,-0.24
2026-02-17 17:58:28,BITCOIN,67148,-1.14
2026-02-17 19:11:16,BITCOIN,68007,0.22
2026-02-17 20:49:13,BITCOIN,67798,-0.58
2026-02-17 21:42:39,BITCOIN,67529,-1.39
2026-02-17 22:40:52,BITCOIN,67713,-1.39
2026-02-17 23:37:40,BITCOIN,67450,-1.77
2026-02-18 02:51:47,BITCOIN,67263,-2.41
2026-02-18 05:00:51,BITCOIN,67771,-0.9
2026-02-18 07:11:19,BITCOIN,67793,-0.74
2026-02-18 08:57:07,BITCOIN,68070,-0.11
2026-02-18 10:00:03,BITCOIN,68143,0.09
2026-02-18 11:00:45,BITCOIN,67758,-0.04
2026-02-18 13:24:00,BITCOIN,67430,-1.03
2026-02-18 14:54:36,BITCOIN,66933,-0.12
2026-02-18 15:59:59,BITCOIN,67776,0.75
2026-02-18 17:16:46,BITCOIN,67080,-0.37
2026-02-18 19:06:51,BITCOIN,66467,-2.28
2026-02-18 20:50:50,BITCOIN,66454,-1.94
2026-02-18 21:41:56,BITCOIN,66409,-1.7
2026-02-18 22:41:42,BITCOIN,66365,-1.96
2026-02-18 23:38:09,BITCOIN,66369,-1.56
2026-02-19 02:51:06,BITCOIN,66676,-0.87
2026-02-19 05:00:05,BITCOIN,66789,-1.47
2026-02-19 06:10:37,BITCOIN,66928,-1.1
2026-02-19 07:54:18,BITCOIN,67177,-1.39
2026-02-19 08:56:20,BITCOIN,66877,-1.86
2026-02-19 09:59:31,BITCOIN,66842,-1.93
2026-02-19 10:59:54,BITCOIN,66790,-1.43
2026-02-19 11:49:56,BITCOIN,66674,-1.21
2026-02-19 13:25:14,BITCOIN,66223,-1.83
2026-02-19 14:56:37,BITCOIN,66496,-0.87
2026-02-19 15:58:47,BITCOIN,66307,-2.0
2026-02-19 17:07:02,BITCOIN,66357,-1.45
2026-02-19 19:02:10,BITCOIN,66972,0.75
2026-02-19 20:41:35,BITCOIN,66900,0.66
2026-02-19 21:41:07,BITCOIN,66991,0.89
2026-02-19 22:40:45,BITCOIN,66659,0.44
2026-02-19 23:38:23,BITCOIN,66951,0.85
2026-02-20 02:45:38,BITCOIN,67263,0.84
2026-02-20 04:53:37,BITCOIN,67240,0.7
2026-02-20 06:00:35,BITCOIN,67751,1.37
2026-02-20 07:51:42,BITCOIN,67860,1.05
2026-02-20 08:52:44,BITCOIN,67808,1.38
2026-02-20 09:51:58,BITCOIN,68123,1.99
2026-02-20 10:48:54,BITCOIN,68142,1.89
2026-02-20 11:39:00,BITCOIN,67705,1.56
2026-02-20 13:16:28,BITCOIN,67118,1.12
2026-02-20 14:49:24,BITCOIN,66918,0.95
2026-02-20 15:44:41,BITCOIN,67105,1.04
2026-02-20 16:52:03,BITCOIN,67622,2.01
2026-02-20 17:45:09,BITCOIN,67250,0.92
2026-02-20 18:59:46,BITCOIN,67922,1.37
2026-02-20 19:42:22,BITCOIN,67737,1.43
2026-02-20 20:42:08,BITCOIN,67672,1.09
2026-02-20 21:33:25,BITCOIN,67702,1.05
2026-02-20 22:35:57,BITCOIN,68031,1.93
2026-02-20 23:36:00,BITCOIN,67976,1.54
2026-02-21 02:39:29,BITCOIN,68021,1.23
2026-02-21 04:43:19,BITCOIN,67694,0.64
2026-02-21 05:50:03,BITCOIN,67813,-0.16
2026-02-21 06:55:01,BITCOIN,67763,-0.11
2026-02-21 07:38:44,BITCOIN,67829,-0.12
2026-02-21 08:40:56,BITCOIN,67925,0.26
2026-02-21 09:38:30,BITCOIN,68183,0.07
2026-02-21 10:35:31,BITCOIN,68171,-0.06
2026-02-21 11:29:50,BITCOIN,68168,0.55
2026-02-21 13:05:32,BITCOIN,68150,0.96
2026-02-21 14:34:40,BITCOIN,68486,2.27
2026-02-21 15:32:58,BITCOIN,68416,1.46
2026-02-21 16:39:05,BITCOIN,68266,1.19
2026-02-21 17:32:22,BITCOIN,68283,1.84
2026-02-21 18:48:31,BITCOIN,68500,1.04
2026-02-21 19:31:33,BITCOIN,68592,1.45
2026-02-21 20:34:33,BITCOIN,68553,1.46
2026-02-21 21:31:49,BITCOIN,68335,0.9
2026-02-21 22:33:14,BITCOIN,68260,0.39
2026-02-21 23:32:46,BITCOIN,68057,0.11
2026-02-22 02:52:20,BITCOIN,67967,-0.02
2026-02-22 04:56:15,BITCOIN,67974,0.42
2026-02-22 05:58:38,BITCOIN,67892,0.07
2026-02-22 07:01:51,BITCOIN,68004,0.39
2026-02-22 08:42:17,BITCOIN,67960,0.05
2026-02-22 09:39:34,BITCOIN,68003,-0.27
2026-02-22 10:34:56,BITCOIN,68088,-0.12
2026-02-22 11:28:51,BITCOIN,68200,-0.02
2026-02-22 13:06:57,BITCOIN,67965,-0.27
2026-02-22 14:34:47,BITCOIN,67630,-1.14
2026-02-22 15:33:26,BITCOIN,67572,-1.35
2026-02-22 16:40:53,BITCOIN,67506,-1.03
2026-02-22 17:33:14,BITCOIN,67486,-1.15
2026-02-22 18:49:04,BITCOIN,67379,-1.67
2026-02-22 19:32:35,BITCOIN,67391,-1.74
2026-02-22 20:36:17,BITCOIN,67382,-1.68
2026-02-22 21:32:23,BITCOIN,67430,-1.32
2026-02-22 22:33:47,BITCOIN,67539,-1.0
2026-02-22 23:34:25,BITCOIN,67546,-0.75
2026-02-23 02:52:15,BITCOIN,64775,-4.71
2026-02-23 05:05:54,BITCOIN,64836,-4.6
2026-02-23 07:16:59,BITCOIN,65781,-3.28
2026-02-23 09:00:01,BITCOIN,65659,-3.37
2026-02-23 10:07:57,BITCOIN,66418,-2.36
2026-02-23 11:45:18,BITCOIN,66135,-2.98
2026-02-23 13:23:29,BITCOIN,66208,-2.64
2026-02-23 14:56:44,BITCOIN,65973,-2.14
2026-02-23 15:56:35,BITCOIN,65662,-2.96
2026-02-23 17:10:42,BITCOIN,65389,-3.16
2026-02-23 19:16:22,BITCOIN,64706,-4.0
2026-02-23 20:54:25,BITCOIN,64329,-4.52
2026-02-23 21:55:10,BITCOIN,64651,-4.34
2026-02-23 22:52:07,BITCOIN,64824,-4.24
2026-02-23 23:39:52,BITCOIN,64797,-4.05
2026-02-24 02:49:37,BITCOIN,64118,-1.01
2026-02-24 04:59:07,BITCOIN,63257,-2.36
2026-02-24 06:09:01,BITCOIN,63002,-3.23
2026-02-24 07:55:56,BITCOIN,63044,-4.38
2026-02-24 09:00:11,BITCOIN,63389,-3.48
2026-02-24 10:05:23,BITCOIN,63174,-4.83
2026-02-24 11:47:20,BITCOIN,63186,-4.47
2026-02-24 13:25:12,BITCOIN,62917,-4.95
2026-02-24 14:59:20,BITCOIN,63551,-3.67
2026-02-24 16:09:38,BITCOIN,64232,-1.8
2026-02-24 18:02:46,BITCOIN,64246,-0.78
2026-02-24 19:51:35,BITCOIN,64461,0.37
2026-02-24 20:47:21,BITCOIN,64483,0.35
2026-02-24 21:43:33,BITCOIN,64017,-0.81
2026-02-24 22:41:45,BITCOIN,64142,-1.07
2026-02-24 23:40:16,BITCOIN,64203,-0.85
2026-02-25 02:50:37,BITCOIN,65959,2.84
2026-02-25 05:00:18,BITCOIN,65445,3.34
2026-02-25 06:12:40,BITCOIN,64983,2.96
2026-02-25 07:57:38,BITCOIN,65005,2.94
2026-02-25 09:01:59,BITCOIN,65508,3.43
2026-02-25 10:58:09,BITCOIN,65406,3.32
2026-02-25 11:48:16,BITCOIN,65412,3.52
2026-02-25 13:24:29,BITCOIN,66060,5.0
2026-02-25 14:59:06,BITCOIN,66812,5.3
2026-02-25 16:15:10,BITCOIN,67669,5.41
2026-02-25 18:06:01,BITCOIN,68434,6.57
2026-02-25 19:52:15,BITCOIN,69029,7.14
2026-02-25 20:44:47,BITCOIN,69129,7.19
2026-02-25 21:42:00,BITCOIN,69400,8.4
2026-02-25 22:42:03,BITCOIN,68438,6.76
2026-02-25 23:36:55,BITCOIN,68148,6.22
2026-02-26 02:45:50,BITCOIN,68140,3.34
2026-02-26 04:57:40,BITCOIN,68626,4.85
2026-02-26 06:05:29,BITCOIN,68336,5.17
2026-02-26 07:55:27,BITCOIN,67866,4.39
2026-02-26 08:59:14,BITCOIN,67967,3.71
2026-02-26 10:02:46,BITCOIN,68581,4.71
2026-02-26 11:44:58,BITCOIN,68122,4.16
2026-02-26 13:25:17,BITCOIN,67996,2.92
2026-02-26 14:55:18,BITCOIN,67370,0.88
2026-02-26 16:00:27,BITCOIN,67388,0.08
2026-02-26 17:58:20,BITCOIN,66778,-2.82
2026-02-26 19:05:39,BITCOIN,67495,-2.66
2026-02-26 20:49:10,BITCOIN,67434,-2.67
2026-02-26 21:39:35,BITCOIN,67394,-2.94
2026-02-26 22:41:36,BITCOIN,67542,-1.57
2026-02-26 23:38:32,BITCOIN,67591,-0.84
2026-02-27 02:43:53,BITCOIN,67436,-1.09
2026-02-27 04:51:39,BITCOIN,67810,-1.21
2026-02-27 05:58:45,BITCOIN,67734,-1.02
2026-02-27 07:08:06,BITCOIN,67609,-0.92
2026-02-27 08:52:54,BITCOIN,67943,-0.17
2026-02-27 09:53:36,BITCOIN,67389,-1.75
2026-02-27 10:49:49,BITCOIN,66775,-2.33
2026-02-27 11:39:01,BITCOIN,66263,-2.84
2026-02-27 13:16:22,BITCOIN,66033,-2.94
2026-02-27 14:48:58,BITCOIN,65768,-2.35
2026-02-27 15:45:31,BITCOIN,66019,-1.83
2026-02-27 16:50:56,BITCOIN,65552,-2.12
2026-02-27 17:42:49,BITCOIN,65425,-2.01
2026-02-27 18:56:45,BITCOIN,65278,-3.04
2026-02-27 19:39:42,BITCOIN,65386,-3.25
2026-02-27 20:37:08,BITCOIN,65561,-2.91
2026-02-27 21:36:33,BITCOIN,65630,-2.68
2026-02-27 22:33:10,BITCOIN,65440,-3.0
2026-02-27 23:32:26,BITCOIN,65869,-2.54
2026-02-28 02:33:02,BITCOIN,65936,-2.33
2026-02-28 04:20:25,BITCOIN,65726,-3.25
2026-02-28 05:38:50,BITCOIN,65536,-3.39
2026-02-28 06:51:56,BITCOIN,63721,-5.97
2026-02-28 07:34:38,BITCOIN,63601,-5.88
2026-02-28 08:38:49,BITCOIN,63614,-6.18
2026-02-28 09:34:20,BITCOIN,63798,-6.18
2026-02-28 10:32:29,BITCOIN,63857,-4.39
2026-02-28 11:26:45,BITCOIN,64132,-3.64
2026-02-28 13:01:43,BITCOIN,64015,-2.87
2026-02-28 14:30:41,BITCOIN,64797,-1.93
2026-02-28 15:31:09,BITCOIN,64765,-2.03
2026-02-28 16:36:07,BITCOIN,64976,-1.59
2026-02-28 17:27:45,BITCOIN,65040,-0.3
2026-02-28 18:44:17,BITCOIN,65677,0.2
2026-02-28 19:27:05,BITCOIN,65708,0.74
2026-02-28 20:34:39,BITCOIN,66777,1.83
2026-02-28 21:29:34,BITCOIN,66509,1.2
2026-02-28 22:31:24,BITCOIN,67023,2.4
2026-02-28 23:30:00,BITCOIN,66926,1.58
2026-03-01 03:16:10,BITCOIN,67735,2.81
2026-03-01 05:20:21,BITCOIN,67391,2.56
2026-03-01 06:57:03,BITCOIN,66919,5.37
2026-03-01 07:38:32,BITCOIN,67181,5.33
2026-03-01 08:40:52,BITCOIN,67206,5.59
2026-03-01 09:37:58,BITCOIN,66464,4.41
2026-03-01 10:34:23,BITCOIN,66575,4.26
2026-03-01 11:27:46,BITCOIN,66576,3.59
2026-03-01 13:05:10,BITCOIN,66343,3.76
2026-03-01 14:31:57,BITCOIN,66905,3.29
2026-03-01 15:31:37,BITCOIN,67129,3.96
2026-03-01 16:38:57,BITCOIN,67017,3.13
2026-03-01 17:30:05,BITCOIN,66044,1.54
2026-03-01 18:46:11,BITCOIN,66383,1.08
2026-03-01 19:29:15,BITCOIN,65993,0.45
2026-03-01 20:36:27,BITCOIN,65189,-2.31
2026-03-01 21:31:07,BITCOIN,65571,-1.48
2026-03-01 22:33:11,BITCOIN,65894,-2.06
2026-03-01 23:32:21,BITCOIN,65641,-1.88
2026-03-02 02:46:53,BITCOIN,66318,-2.33
2026-03-02 04:55:37,BITCOIN,66741,-0.96
2026-03-02 05:59:31,BITCOIN,66788,-0.79
2026-03-02 07:12:48,BITCOIN,65684,-2.0
2026-03-02 08:56:08,BITCOIN,66212,-0.54
2026-03-02 10:00:56,BITCOIN,66213,-0.25
2026-03-02 11:35:51,BITCOIN,66116,-0.52
2026-03-02 13:17:30,BITCOIN,65846,-0.76
2026-03-02 14:52:14,BITCOIN,67070,0.25
2026-03-02 15:50:36,BITCOIN,69419,3.31
2026-03-02 16:59:38,BITCOIN,69528,5.11
2026-03-02 17:55:26,BITCOIN,69061,4.52
2026-03-02 19:00:32,BITCOIN,68961,4.02
2026-03-02 20:45:56,BITCOIN,69191,6.2
2026-03-02 21:41:42,BITCOIN,69436,5.78
2026-03-02 22:36:15,BITCOIN,69328,5.22
2026-03-02 23:34:48,BITCOIN,68861,4.92
2026-03-03 02:49:42,BITCOIN,68563,3.39
2026-03-03 04:53:12,BITCOIN,68074,1.99
2026-03-03 05:56:44,BITCOIN,67936,1.62
2026-03-03 07:04:32,BITCOIN,68033,2.99
2026-03-03 08:53:47,BITCOIN,67127,1.38
2026-03-03 09:54:17,BITCOIN,66465,0.27
2026-03-03 10:52:07,BITCOIN,66901,1.07
2026-03-03 11:40:06,BITCOIN,67001,1.37
2026-03-03 13:16:00,BITCOIN,67081,1.84
2026-03-03 14:54:04,BITCOIN,66401,-0.87
2026-03-03 15:54:28,BITCOIN,67685,-1.9
2026-03-03 16:59:34,BITCOIN,68365,-1.86
2026-03-03 17:55:12,BITCOIN,68326,-1.2
2026-03-03 19:02:01,BITCOIN,68641,-0.39
2026-03-03 20:40:06,BITCOIN,68428,-1.03
2026-03-03 21:41:18,BITCOIN,67986,-2.07
2026-03-03 22:38:50,BITCOIN,68338,-1.46
2026-03-03 23:35:17,BITCOIN,68541,-0.46
2026-03-04 02:42:35,BITCOIN,68102,-0.49
2026-03-04 04:47:13,BITCOIN,67652,-0.64
2026-03-04 05:52:50,BITCOIN,68164,0.39
2026-03-04 07:00:27,BITCOIN,68479,0.7
2026-03-04 08:51:42,BITCOIN,70608,5.16
2026-03-04 09:52:10,BITCOIN,71830,8.11
2026-03-04 10:47:56,BITCOIN,71311,6.88
2026-03-04 11:37:59,BITCOIN,71050,6.28
2026-03-04 14:45:06,BITCOIN,71752,7.95
2026-03-04 15:52:49,BITCOIN,72985,7.87
2026-03-04 16:57:34,BITCOIN,73291,7.45
2026-03-04 17:50:48,BITCOIN,73267,7.53
2026-03-04 19:01:58,BITCOIN,73649,7.29
2026-03-04 20:39:57,BITCOIN,73478,7.43
2026-03-04 21:42:08,BITCOIN,73298,7.87
2026-03-04 22:40:30,BITCOIN,73123,7.07
2026-03-04 23:38:12,BITCOIN,72490,5.87
2026-03-05 02:45:19,BITCOIN,72390,6.29
2026-03-05 04:51:45,BITCOIN,72866,7.67
2026-03-05 05:55:39,BITCOIN,72444,6.06
2026-03-05 07:04:13,BITCOIN,72554,5.85
2026-03-05 08:54:59,BITCOIN,72305,2.39
2026-03-05 09:55:24,BITCOIN,72525,1.47
2026-03-05 10:52:12,BITCOIN,73368,2.93
2026-03-05 11:40:29,BITCOIN,72914,2.75
2026-03-05 13:18:46,BITCOIN,72720,1.94
2026-03-05 14:55:08,BITCOIN,72388,0.96
2026-03-05 16:00:14,BITCOIN,71530,-2.54
2026-03-05 18:16:46,BITCOIN,71029,-2.78
2026-03-05 19:56:43,BITCOIN,70943,-3.83
2026-03-05 20:49:03,BITCOIN,71105,-3.22
2026-03-05 21:44:30,BITCOIN,71168,-2.87
2026-03-05 23:04:08,BITCOIN,71224,-2.08
2026-03-06 02:42:56,BITCOIN,71243,-1.58
2026-03-06 04:48:05,BITCOIN,70531,-3.27
2026-03-06 05:53:09,BITCOIN,70190,-3.1
2026-03-06 07:02:05,BITCOIN,70638,-2.65
2026-03-06 08:51:00,BITCOIN,70924,-1.8
2026-03-06 09:51:04,BITCOIN,70487,-2.81
2026-03-06 10:47:25,BITCOIN,70548,-3.78
2026-03-06 11:37:01,BITCOIN,70518,-3.46
2026-03-06 13:14:21,BITCOIN,70018,-3.66
2026-03-06 14:45:56,BITCOIN,68746,-4.67
2026-03-06 15:48:21,BITCOIN,68686,-3.91
2026-03-06 16:53:44,BITCOIN,68652,-3.67
2026-03-06 17:42:08,BITCOIN,67808,-4.37
2026-03-06 18:57:51,BITCOIN,68242,-3.86
2026-03-06 19:40:28,BITCOIN,68192,-3.95
2026-03-06 20:41:12,BITCOIN,67842,-4.84
2026-03-06 21:37:04,BITCOIN,68051,-4.38
2026-03-06 22:37:29,BITCOIN,68262,-4.12
2026-03-06 23:35:20,BITCOIN,68315,-3.72
2026-03-07 02:35:43,BITCOIN,68129,-4.42
2026-03-07 04:26:45,BITCOIN,68040,-4.1
2026-03-07 05:43:09,BITCOIN,68071,-3.28
2026-03-07 06:53:57,BITCOIN,67816,-3.96
2026-03-07 07:35:49,BITCOIN,67731,-4.5
2026-03-07 08:40:46,BITCOIN,67905,-4.28
2026-03-07 09:37:28,BITCOIN,67983,-3.36
2026-03-07 10:32:44,BITCOIN,67955,-3.97
2026-03-07 11:27:55,BITCOIN,68140,-3.42
2026-03-07 13:03:50,BITCOIN,68005,-2.79
2026-03-07 14:32:11,BITCOIN,67807,-1.73
2026-03-07 15:31:23,BITCOIN,67919,-1.45
2026-03-07 16:37:35,BITCOIN,67797,-1.22
2026-03-07 17:29:02,BITCOIN,67897,-0.53
2026-03-07 18:45:28,BITCOIN,67604,-1.16
2026-03-07 19:28:34,BITCOIN,67341,-1.32
2026-03-07 20:34:37,BITCOIN,67269,-0.83
2026-03-07 21:29:26,BITCOIN,67467,-0.78
2026-03-07 22:31:55,BITCOIN,67283,-1.52
2026-03-07 23:31:07,BITCOIN,67350,-1.43
2026-03-08 02:49:23,BITCOIN,67276,-1.35
2026-03-08 04:49:46,BITCOIN,66867,-1.81
2026-03-08 05:51:13,BITCOIN,67208,-1.24
2026-03-08 06:55:26,BITCOIN,67123,-0.91
2026-03-08 07:36:38,BITCOIN,67332,-0.6
2026-03-08 08:40:46,BITCOIN,67303,-0.89
2026-03-08 09:37:38,BITCOIN,67736,-0.38
2026-03-08 10:33:56,BITCOIN,68045,0.17
2026-03-08 11:29:11,BITCOIN,67678,-0.66
2026-03-08 13:05:27,BITCOIN,67362,-0.99
2026-03-08 14:32:44,BITCOIN,67281,-0.79
2026-03-08 15:32:02,BITCOIN,67149,-1.15
2026-03-08 16:39:05,BITCOIN,66890,-1.34
2026-03-08 17:30:46,BITCOIN,67069,-1.19
2026-03-08 18:47:15,BITCOIN,66813,-1.2
2026-03-08 19:30:36,BITCOIN,67221,-0.02
2026-03-08 21:31:40,BITCOIN,66950,-0.73
2026-03-08 22:32:57,BITCOIN,65811,-2.19
2026-03-08 23:32:23,BITCOIN,66481,-1.33
2026-03-09 02:50:43,BITCOIN,66570,-1.16
2026-03-09 04:59:29,BITCOIN,67187,0.83
2026-03-09 06:07:52,BITCOIN,67702,0.76
2026-03-09 07:54:11,BITCOIN,67421,0.18
2026-03-09 08:56:07,BITCOIN,67875,0.52
2026-03-09 10:02:22,BITCOIN,68008,0.3
2026-03-09 11:39:07,BITCOIN,67606,0.12
2026-03-09 13:22:22,BITCOIN,68256,1.74
2026-03-09 15:00:18,BITCOIN,69132,2.73
2026-03-09 16:09:09,BITCOIN,68986,2.63
2026-03-09 17:52:54,BITCOIN,68504,2.18
2026-03-09 19:03:38,BITCOIN,68434,2.35
2026-03-09 20:42:58,BITCOIN,68898,2.23
2026-03-09 21:40:42,BITCOIN,68878,2.86
2026-03-09 22:37:45,BITCOIN,68752,4.13
2026-03-09 23:36:03,BITCOIN,68568,3.18
2026-03-10 02:41:53,BITCOIN,70022,5.2
2026-03-10 04:48:20,BITCOIN,69949,3.63
2026-03-10 05:53:54,BITCOIN,69957,2.89
2026-03-10 07:02:05,BITCOIN,69913,4.09
2026-03-10 08:55:27,BITCOIN,70698,4.33
2026-03-10 09:55:06,BITCOIN,71060,4.13
2026-03-10 11:39:24,BITCOIN,70629,4.63
2026-03-10 13:20:05,BITCOIN,70767,3.61
2026-03-10 14:59:00,BITCOIN,71429,3.29
2026-03-10 16:09:35,BITCOIN,71065,3.2
2026-03-10 17:53:29,BITCOIN,70838,3.24
2026-03-10 19:01:08,BITCOIN,70016,2.39
2026-03-10 20:42:13,BITCOIN,70284,2.03
2026-03-10 21:36:25,BITCOIN,69983,1.51
2026-03-10 22:36:46,BITCOIN,69568,1.36
2026-03-10 23:35:15,BITCOIN,69898,1.94
2026-03-11 02:41:13,BITCOIN,69711,-0.38
2026-03-11 04:49:30,BITCOIN,69997,0.04
2026-03-11 05:56:22,BITCOIN,69576,-0.55
2026-03-11 07:06:36,BITCOIN,69914,0.1
2026-03-11 08:54:33,BITCOIN,69527,-1.65
2026-03-11 09:53:54,BITCOIN,69619,-2.06
2026-03-11 10:52:03,BITCOIN,69596,-1.55
2026-03-11 11:39:50,BITCOIN,69509,-1.58
2026-03-11 13:19:22,BITCOIN,69933,-1.19
2026-03-11 14:55:37,BITCOIN,70726,-0.62
2026-03-11 15:57:18,BITCOIN,70235,-1.01
2026-03-11 17:03:31,BITCOIN,70607,-0.88
2026-03-11 19:03:38,BITCOIN,70605,0.85
2026-03-11 20:44:35,BITCOIN,70544,0.37
2026-03-11 21:40:59,BITCOIN,70665,1.22
2026-03-11 22:34:47,BITCOIN,70467,1.2
2026-03-11 23:34:22,BITCOIN,70305,0.63
2026-03-12 02:46:50,BITCOIN,69465,-0.32
2026-03-12 04:54:14,BITCOIN,69350,-1.19
2026-03-12 05:58:09,BITCOIN,69436,-0.15
2026-03-12 07:09:14,BITCOIN,69488,-0.62
2026-03-12 08:54:54,BITCOIN,69862,0.39
2026-03-12 09:54:12,BITCOIN,69974,0.43
2026-03-12 10:51:25,BITCOIN,70388,1.15
2026-03-12 11:37:15,BITCOIN,70532,1.54
2026-03-12 13:19:42,BITCOIN,70246,0.22
2026-03-12 14:58:27,BITCOIN,69477,-1.62
2026-03-12 16:09:14,BITCOIN,70190,-0.28
2026-03-12 17:54:46,BITCOIN,70359,-0.59
2026-03-12 19:04:28,BITCOIN,69849,-1.11
2026-03-12 20:45:01,BITCOIN,70148,-0.48
2026-03-12 21:41:34,BITCOIN,70220,-0.58
2026-03-12 22:35:03,BITCOIN,70185,-0.31
2026-03-12 23:36:12,BITCOIN,70543,0.27
2026-03-13 02:44:37,BITCOIN,71249,2.61
2026-03-13 04:51:43,BITCOIN,71370,2.9
2026-03-13 05:56:42,BITCOIN,71548,3.04
2026-03-13 07:07:08,BITCOIN,71401,2.74
2026-03-13 08:52:55,BITCOIN,71830,2.9
2026-03-13 09:50:44,BITCOIN,71965,2.88
2026-03-13 10:49:02,BITCOIN,72476,2.97
2026-03-13 11:37:51,BITCOIN,72336,2.57
2026-03-13 13:17:24,BITCOIN,72775,3.34
2026-03-13 14:52:28,BITCOIN,72730,4.61
2026-03-13 15:52:16,BITCOIN,72210,2.55
2026-03-13 16:51:57,BITCOIN,71914,2.19
2026-03-13 17:42:03,BITCOIN,71453,1.51
2026-03-13 18:55:00,BITCOIN,71088,1.76
2026-03-13 19:38:00,BITCOIN,71120,1.12
2026-03-13 20:46:02,BITCOIN,71289,1.54
2026-03-13 21:40:43,BITCOIN,71145,1.32
2026-03-13 22:35:53,BITCOIN,70633,0.63
2026-03-13 23:36:56,BITCOIN,70914,0.53
2026-03-14 02:43:04,BITCOIN,70791,-0.59
2026-03-14 04:49:28,BITCOIN,71262,-0.16
2026-03-14 05:53:47,BITCOIN,71002,-0.75
2026-03-14 06:59:42,BITCOIN,70678,-0.94
2026-03-14 07:45:35,BITCOIN,70561,-1.41
2026-03-14 08:47:10,BITCOIN,70581,-1.69
2026-03-14 09:42:08,BITCOIN,70618,-1.76
2026-03-14 10:38:00,BITCOIN,70444,-2.78
2026-03-14 11:32:07,BITCOIN,70670,-2.34
2026-03-14 13:09:27,BITCOIN,70757,-2.72
2026-03-14 14:36:59,BITCOIN,70775,-3.72
2026-03-14 15:35:42,BITCOIN,70566,-2.53
2026-03-14 16:41:07,BITCOIN,70669,-1.65
2026-03-14 17:35:19,BITCOIN,70699,-1.33
2026-03-14 18:51:30,BITCOIN,70665,-0.54
2026-03-14 19:34:40,BITCOIN,70684,-0.66
2026-03-14 20:37:56,BITCOIN,70755,-0.77
2026-03-14 21:33:49,BITCOIN,70697,-0.71
2026-03-14 22:35:05,BITCOIN,70762,0.2
2026-03-14 23:35:22,BITCOIN,71096,0.25
2026-03-15 03:21:52,BITCOIN,71384,0.56
2026-03-15 05:40:08,BITCOIN,71612,0.91
2026-03-15 07:09:34,BITCOIN,71477,1.18
2026-03-15 08:48:52,BITCOIN,71640,1.51
2026-03-15 09:42:42,BITCOIN,71838,1.73
2026-03-15 10:39:46,BITCOIN,71827,1.94
2026-03-15 11:33:42,BITCOIN,71724,1.5
2026-03-15 13:10:29,BITCOIN,71529,1.09
2026-03-15 14:38:42,BITCOIN,71403,0.92
2026-03-15 15:36:36,BITCOIN,71511,1.31
2026-03-15 16:41:34,BITCOIN,71472,1.15
2026-03-15 17:35:57,BITCOIN,71509,1.2
2026-03-15 18:52:24,BITCOIN,71468,1.12
2026-03-15 19:35:16,BITCOIN,71538,1.21
2026-03-15 20:38:52,BITCOIN,71700,1.32
2026-03-15 21:35:07,BITCOIN,71886,1.66
2026-03-15 22:37:02,BITCOIN,72052,1.78
2026-03-15 23:37:18,BITCOIN,72547,1.96
2026-03-16 03:24:10,BITCOIN,72681,1.84
2026-03-16 05:53:16,BITCOIN,74113,3.59
2026-03-16 07:42:29,BITCOIN,73532,2.89
2026-03-16 09:07:37,BITCOIN,73087,1.69
2026-03-16 11:03:10,BITCOIN,73737,2.74
2026-03-16 13:45:10,BITCOIN,74286,4.13
2026-03-16 15:09:30,BITCOIN,73443,2.66
2026-03-16 17:12:11,BITCOIN,73779,3.2
2026-03-16 19:15:39,BITCOIN,74123,3.72
2026-03-16 20:49:41,BITCOIN,74076,3.18
2026-03-16 21:50:10,BITCOIN,74486,3.35
2026-03-16 22:42:37,BITCOIN,74725,3.19
2026-03-16 23:37:59,BITCOIN,74713,3.04
2026-03-17 02:47:09,BITCOIN,75389,4.06
2026-03-17 04:59:11,BITCOIN,74270,0.55
2026-03-17 06:09:07,BITCOIN,73902,0.14
2026-03-17 07:58:41,BITCOIN,74250,1.04
2026-03-17 09:03:58,BITCOIN,74238,1.53
2026-03-17 10:59:12,BITCOIN,73732,-0.0
2026-03-17 11:51:40,BITCOIN,74157,0.8
2026-03-17 13:42:39,BITCOIN,74040,-0.12
2026-03-17 15:05:35,BITCOIN,74837,1.81
2026-03-17 17:12:41,BITCOIN,74119,0.36
2026-03-17 19:14:20,BITCOIN,74789,0.9
2026-03-17 20:50:20,BITCOIN,74531,0.62
2026-03-17 21:48:22,BITCOIN,74777,0.36
2026-03-17 22:42:19,BITCOIN,73982,-1.01
2026-03-17 23:39:41,BITCOIN,74097,-0.85
2026-03-18 02:53:26,BITCOIN,74399,-1.2
2026-03-18 05:04:06,BITCOIN,74248,0.11
2026-03-18 07:13:32,BITCOIN,73932,-0.51
2026-03-18 09:00:38,BITCOIN,74044,-0.19
2026-03-18 10:58:56,BITCOIN,73920,0.26
2026-03-18 11:53:49,BITCOIN,73116,-1.39
2026-03-18 13:44:17,BITCOIN,72493,-1.85
2026-03-18 15:13:59,BITCOIN,71193,-4.01
2026-03-18 17:12:01,BITCOIN,71287,-3.91
2026-03-18 19:14:04,BITCOIN,71328,-4.63
2026-03-18 20:49:19,BITCOIN,71195,-4.48
2026-03-18 21:42:45,BITCOIN,71330,-4.61
2026-03-18 22:39:37,BITCOIN,71034,-4.01
2026-03-18 23:37:17,BITCOIN,71329,-3.72
2026-03-19 02:54:55,BITCOIN,71096,-4.43
2026-03-19 05:01:40,BITCOIN,70835,-4.59
2026-03-19 07:08:23,BITCOIN,70463,-4.65
2026-03-19 08:54:42,BITCOIN,69988,-5.55
2026-03-19 09:55:53,BITCOIN,70474,-4.94
2026-03-19 10:53:36,BITCOIN,70203,-5.03
2026-03-19 11:41:57,BITCOIN,70033,-4.16
2026-03-19 13:24:29,BITCOIN,69383,-4.28
2026-03-19 14:57:05,BITCOIN,69491,-2.53
2026-03-19 16:02:28,BITCOIN,69400,-2.85
2026-03-19 17:55:50,BITCOIN,69831,-2.51
2026-03-19 19:10:15,BITCOIN,70073,-1.74
2026-03-19 20:50:08,BITCOIN,70463,-0.97
2026-03-19 21:43:35,BITCOIN,70487,-1.21
2026-03-19 22:37:47,BITCOIN,70139,-1.27
2026-03-19 23:37:29,BITCOIN,69992,-1.88
2026-03-20 02:46:02,BITCOIN,70254,-1.37
2026-03-20 04:54:14,BITCOIN,70729,-0.12
2026-03-20 05:58:43,BITCOIN,70564,-0.38
2026-03-20 07:09:25,BITCOIN,70282,-0.09
2026-03-20 08:53:07,BITCOIN,71095,1.55
2026-03-20 09:53:31,BITCOIN,70554,0.12
2026-03-20 10:49:39,BITCOIN,70574,0.47
2026-03-20 11:38:25,BITCOIN,70692,0.9
2026-03-20 13:17:55,BITCOIN,70347,1.52
2026-03-20 14:52:27,BITCOIN,69864,0.49
2026-03-20 15:52:20,BITCOIN,69887,0.73
2026-03-20 16:55:20,BITCOIN,69692,0.47
2026-03-20 17:41:43,BITCOIN,69588,0.03
2026-03-20 19:01:19,BITCOIN,69742,-0.11
2026-03-20 20:42:13,BITCOIN,69867,-0.92
2026-03-20 21:38:08,BITCOIN,70524,0.03
2026-03-20 22:37:32,BITCOIN,70651,0.89
2026-03-20 23:37:06,BITCOIN,70479,0.78
2026-03-21 02:39:35,BITCOIN,70611,0.68
2026-03-21 04:43:37,BITCOIN,70630,0.06
2026-03-21 05:49:23,BITCOIN,70744,0.12
2026-03-21 06:56:57,BITCOIN,70750,0.37
2026-03-21 07:39:25,BITCOIN,70776,0.08
2026-03-21 08:43:39,BITCOIN,70604,-0.77
2026-03-21 09:40:16,BITCOIN,70635,-0.01
2026-03-21 10:36:27,BITCOIN,70588,0.13
2026-03-21 11:30:09,BITCOIN,70597,-0.14
2026-03-21 13:06:46,BITCOIN,70699,0.41
2026-03-21 14:34:56,BITCOIN,70921,1.14
2026-03-21 15:34:14,BITCOIN,70683,1.11
2026-03-21 16:39:44,BITCOIN,70458,1.08
2026-03-21 17:32:38,BITCOIN,70362,1.18
2026-03-21 18:48:44,BITCOIN,70452,1.06
2026-03-21 19:32:08,BITCOIN,70408,0.84
2026-03-21 20:36:21,BITCOIN,70448,0.86
2026-03-21 21:33:04,BITCOIN,70340,-0.28
2026-03-21 22:33:53,BITCOIN,70257,-0.56
2026-03-21 23:33:20,BITCOIN,70099,-0.54
2026-03-22 02:55:24,BITCOIN,69294,-2.08
2026-03-22 04:59:26,BITCOIN,69319,-1.86
2026-03-22 06:02:20,BITCOIN,69110,-2.27
2026-03-22 07:42:10,BITCOIN,69018,-2.48
2026-03-22 08:45:45,BITCOIN,68739,-2.58
2026-03-22 09:41:12,BITCOIN,68749,-2.66
2026-03-22 10:36:36,BITCOIN,68696,-2.7
2026-03-22 11:30:59,BITCOIN,68408,-3.1
2026-03-22 13:08:51,BITCOIN,68804,-2.7
2026-03-22 14:36:16,BITCOIN,68794,-3.04
2026-03-22 15:33:55,BITCOIN,68870,-2.62
2026-03-22 16:40:10,BITCOIN,68736,-2.43
2026-03-22 17:33:02,BITCOIN,68798,-2.26
2026-03-22 18:49:38,BITCOIN,68518,-2.74
2026-03-22 19:33:26,BITCOIN,68259,-2.98
2026-03-22 20:37:41,BITCOIN,68276,-3.09
2026-03-22 21:33:54,BITCOIN,67769,-3.7
2026-03-22 22:34:30,BITCOIN,68276,-2.9
2026-03-22 23:36:12,BITCOIN,68016,-3.04
2026-03-23 02:55:58,BITCOIN,68191,-1.61
2026-03-23 05:10:57,BITCOIN,68667,-0.82
2026-03-23 07:23:13,BITCOIN,67906,-1.84
2026-03-23 09:08:12,BITCOIN,68234,-0.87
2026-03-23 11:01:02,BITCOIN,68543,-0.05
2026-03-23 13:26:35,BITCOIN,70825,2.95
2026-03-23 15:04:35,BITCOIN,71537,4.13
2026-03-23 17:02:04,BITCOIN,70587,2.6
2026-03-23 19:05:15,BITCOIN,71045,3.61
2026-03-23 20:47:30,BITCOIN,70920,3.81
2026-03-23 21:45:47,BITCOIN,70941,4.53
2026-03-23 22:41:25,BITCOIN,70625,3.65
2026-03-23 23:40:23,BITCOIN,70665,3.85
2026-03-24 02:47:33,BITCOIN,70503,3.36
2026-03-24 05:00:53,BITCOIN,70368,2.42
2026-03-24 07:15:05,BITCOIN,70847,4.32
2026-03-24 09:01:24,BITCOIN,70933,3.8
2026-03-24 10:59:28,BITCOIN,71230,3.93
2026-03-24 11:53:20,BITCOIN,71204,1.08
2026-03-24 13:42:12,BITCOIN,70374,-1.29
2026-03-24 15:08:54,BITCOIN,69989,-2.07
2026-03-24 17:09:55,BITCOIN,69194,-2.01
2026-03-24 19:15:24,BITCOIN,69582,-1.89
2026-03-24 20:51:52,BITCOIN,70037,-1.22
2026-03-24 21:46:37,BITCOIN,70237,-0.93
2026-03-24 22:40:31,BITCOIN,70209,-0.62
2026-03-24 23:39:15,BITCOIN,70723,0.08
2026-03-25 02:52:14,BITCOIN,70590,0.17
2026-03-25 05:01:43,BITCOIN,70930,1.0
2026-03-25 07:13:31,BITCOIN,71077,0.36
2026-03-25 09:00:55,BITCOIN,71242,0.36
2026-03-25 10:57:06,BITCOIN,71556,0.45
2026-03-25 11:50:20,BITCOIN,71652,0.53
2026-03-25 13:41:27,BITCOIN,71839,2.16
2026-03-25 15:10:00,BITCOIN,71059,1.57
2026-03-25 17:13:16,BITCOIN,71162,2.86
2026-03-25 19:06:19,BITCOIN,70937,2.02
2026-03-25 20:50:15,BITCOIN,70889,1.32
2026-03-25 21:49:28,BITCOIN,71039,1.04
2026-03-25 22:47:48,BITCOIN,71357,1.58
2026-03-25 23:43:10,BITCOIN,71251,0.82
2026-03-26 03:17:31,BITCOIN,70918,0.66
2026-03-26 05:44:27,BITCOIN,70499,-0.97
2026-03-26 07:21:45,BITCOIN,70000,-1.5
2026-03-26 09:08:17,BITCOIN,70021,-1.8
2026-03-26 11:01:54,BITCOIN,69475,-2.78
2026-03-26 13:47:01,BITCOIN,69541,-3.05
2026-03-26 15:15:19,BITCOIN,69090,-2.5
2026-03-26 17:13:10,BITCOIN,68905,-3.14
2026-03-26 19:19:33,BITCOIN,68420,-3.41
2026-03-26 20:43:05,BITCOIN,69096,-2.5
2026-03-26 21:38:53,BITCOIN,69017,-2.8
2026-03-26 22:39:57,BITCOIN,68767,-3.47
2026-03-26 23:40:11,BITCOIN,68718,-3.59
2026-03-27 03:20:36,BITCOIN,68757,-3.02
2026-03-27 05:46:06,BITCOIN,68578,-2.46
2026-03-27 07:20:29,BITCOIN,68795,-1.72
2026-03-27 09:02:50,BITCOIN,67873,-2.93
2026-03-27 10:56:51,BITCOIN,66553,-4.19
2026-03-27 11:49:58,BITCOIN,66774,-3.76
2026-03-27 13:23:49,BITCOIN,66601,-4.05
2026-03-27 14:59:33,BITCOIN,66131,-4.8
2026-03-27 16:02:03,BITCOIN,66070,-4.17
2026-03-27 17:54:05,BITCOIN,65610,-4.52
2026-03-27 19:06:00,BITCOIN,65762,-3.86
2026-03-27 21:45:09,BITCOIN,66057,-4.21
2026-03-27 22:42:08,BITCOIN,65888,-4.16
2026-03-27 23:40:25,BITCOIN,66174,-3.69
2026-03-28 02:51:08,BITCOIN,65977,-4.27
2026-03-28 05:00:35,BITCOIN,66191,-3.39
2026-03-28 07:08:17,BITCOIN,66347,-3.26
2026-03-28 08:52:04,BITCOIN,66400,-2.25
2026-03-28 09:47:23,BITCOIN,66225,-2.27
2026-03-28 10:40:10,BITCOIN,66113,-1.47
2026-03-28 11:35:13,BITCOIN,66270,-0.59
2026-03-28 13:12:36,BITCOIN,66460,-0.08
2026-03-28 14:39:53,BITCOIN,66709,1.4
2026-03-28 15:38:58,BITCOIN,67020,0.8
2026-03-28 16:44:03,BITCOIN,66882,1.46
2026-03-28 17:37:24,BITCOIN,66757,1.39
2026-03-28 18:53:49,BITCOIN,66863,1.61
2026-03-28 19:36:36,BITCOIN,66827,1.32
2026-03-28 20:40:38,BITCOIN,66921,1.59
2026-03-28 21:37:37,BITCOIN,66775,1.16
2026-03-28 22:38:01,BITCOIN,66707,1.25
2026-03-28 23:39:01,BITCOIN,66395,0.32
2026-03-29 03:25:50,BITCOIN,66945,1.27
2026-03-29 05:46:51,BITCOIN,66624,0.51
2026-03-29 07:15:22,BITCOIN,66529,0.22
2026-03-29 08:52:09,BITCOIN,66682,0.48
2026-03-29 09:48:09,BITCOIN,66544,0.46
2026-03-29 10:43:31,BITCOIN,66468,0.5
2026-03-29 11:36:28,BITCOIN,66758,0.75
2026-03-29 13:13:18,BITCOIN,66529,0.09
2026-03-29 14:40:56,BITCOIN,66532,-0.46
2026-03-29 15:40:09,BITCOIN,66313,-1.08
2026-03-29 16:45:00,BITCOIN,66499,-0.55
2026-03-29 17:39:23,BITCOIN,66235,-0.87
2026-03-29 18:55:45,BITCOIN,66400,-0.69
2026-03-29 19:38:33,BITCOIN,66358,-0.69
2026-03-29 20:42:22,BITCOIN,66603,-0.4
2026-03-29 21:40:16,BITCOIN,66606,-0.31
2026-03-29 22:40:12,BITCOIN,66209,-0.73
2026-03-29 23:41:12,BITCOIN,65884,-0.79
2026-03-30 03:28:29,BITCOIN,67142,0.3
2026-03-30 06:03:14,BITCOIN,67457,1.03
2026-03-30 08:24:48,BITCOIN,67728,1.68
2026-03-30 10:24:04,BITCOIN,67413,1.48
2026-03-30 11:58:57,BITCOIN,67585,1.21
2026-03-30 13:58:04,BITCOIN,67576,1.59
2026-03-30 15:16:16,BITCOIN,67592,1.56
2026-03-30 17:05:31,BITCOIN,67301,1.32
2026-03-30 19:11:38,BITCOIN,66364,-0.0
2026-03-30 20:56:07,BITCOIN,66590,0.07
2026-03-30 21:52:11,BITCOIN,66839,0.33
2026-03-30 22:47:15,BITCOIN,66783,2.57
2026-03-30 23:44:01,BITCOIN,66642,1.06
2026-03-31 03:19:35,BITCOIN,67843,1.22
2026-03-31 05:47:58,BITCOIN,67659,0.38
2026-03-31 07:40:11,BITCOIN,67247,-0.06
2026-03-31 09:11:40,BITCOIN,66693,-1.29
2026-03-31 11:03:06,BITCOIN,66310,-1.71
2026-03-31 13:52:33,BITCOIN,67219,-0.69
2026-03-31 15:11:39,BITCOIN,66861,-1.11
2026-03-31 17:08:16,BITCOIN,67622,0.55
2026-03-31 19:13:38,BITCOIN,67925,2.4
2026-03-31 20:52:17,BITCOIN,68104,2.28
2026-03-31 21:49:16,BITCOIN,68110,1.91
2026-03-31 22:41:50,BITCOIN,68012,1.83
2026-03-31 23:41:34,BITCOIN,68284,2.39
2026-04-01 03:32:21,BITCOIN,67900,0.14
2026-04-01 06:00:31,BITCOIN,68402,1.26
2026-04-01 08:18:47,BITCOIN,68485,1.71
2026-04-01 10:11:57,BITCOIN,68513,3.33
2026-04-01 11:56:30,BITCOIN,68689,3.11
2026-04-01 13:57:32,BITCOIN,68111,1.41
2026-04-01 15:19:06,BITCOIN,68484,2.06
2026-04-01 17:05:08,BITCOIN,68947,1.77
2026-04-01 19:15:15,BITCOIN,68126,0.29
2026-04-01 20:55:18,BITCOIN,68219,0.12
2026-04-01 21:52:08,BITCOIN,68325,0.06
2026-04-01 22:49:23,BITCOIN,68225,0.22
2026-04-01 23:44:12,BITCOIN,68142,-0.16
2026-04-02 02:57:10,BITCOIN,66858,-1.07
2026-04-02 05:09:54,BITCOIN,66411,-2.57
2026-04-02 07:24:49,BITCOIN,66643,-3.21
2026-04-02 09:10:03,BITCOIN,66383,-3.16
2026-04-02 11:00:33,BITCOIN,66446,-3.01
2026-04-02 13:46:03,BITCOIN,65819,-3.16
2026-04-02 15:05:43,BITCOIN,66785,-2.6
2026-04-02 17:04:03,BITCOIN,66908,-3.14
2026-04-02 19:07:28,BITCOIN,66979,-1.76
2026-04-02 20:44:14,BITCOIN,67016,-1.63
2026-04-02 21:48:05,BITCOIN,66782,-2.27
2026-04-02 22:40:32,BITCOIN,66952,-1.83
2026-04-02 23:41:44,BITCOIN,66896,-1.8
2026-04-03 03:17:42,BITCOIN,66626,-0.21
2026-04-03 05:45:17,BITCOIN,66738,0.26
2026-04-03 07:22:04,BITCOIN,66842,0.26
2026-04-03 09:04:26,BITCOIN,66960,0.88
2026-04-03 10:53:09,BITCOIN,66858,0.61
2026-04-03 11:43:55,BITCOIN,66995,1.01
2026-04-03 13:21:27,BITCOIN,66660,1.07
2026-04-03 14:53:40,BITCOIN,66896,0.12
2026-04-03 15:47:06,BITCOIN,66850,0.02
2026-04-03 16:52:30,BITCOIN,67013,-0.22
2026-04-03 17:41:34,BITCOIN,66868,-0.13
2026-04-03 18:58:45,BITCOIN,66800,-0.25
2026-04-03 19:48:23,BITCOIN,66867,-0.12
2026-04-03 20:47:00,BITCOIN,66885,-0.15
2026-04-03 21:41:51,BITCOIN,66898,0.19
2026-04-03 22:42:20,BITCOIN,66923,-0.09
2026-04-03 23:42:17,BITCOIN,66854,-0.06
2026-04-04 02:50:06,BITCOIN,66820,0.72
2026-04-04 04:58:12,BITCOIN,66850,0.34
2026-04-04 06:06:04,BITCOIN,66912,0.47
2026-04-04 07:52:44,BITCOIN,66974,-0.18
2026-04-04 08:52:59,BITCOIN,66955,0.01
2026-04-04 09:49:07,BITCOIN,66952,0.17
2026-04-04 10:42:40,BITCOIN,67010,0.33
2026-04-04 11:36:08,BITCOIN,67091,0.16
2026-04-04 13:13:36,BITCOIN,67091,0.7
2026-04-04 14:41:11,BITCOIN,67101,0.4
2026-04-04 15:40:07,BITCOIN,67326,0.66
2026-04-04 16:46:29,BITCOIN,67486,0.75
2026-04-04 17:38:59,BITCOIN,67345,0.71
2026-04-04 18:55:33,BITCOIN,67276,0.69
2026-04-04 19:37:35,BITCOIN,67335,0.81
2026-04-04 20:41:57,BITCOIN,67268,0.55
2026-04-04 21:39:33,BITCOIN,67256,0.52
2026-04-04 22:38:59,BITCOIN,67396,0.71
2026-04-04 23:38:40,BITCOIN,67311,0.71
2026-04-05 03:27:51,BITCOIN,67141,0.45
2026-04-05 05:48:46,BITCOIN,67077,0.25
2026-04-05 07:18:26,BITCOIN,66848,-0.19
2026-04-05 08:55:56,BITCOIN,66871,-0.08
2026-04-05 09:49:55,BITCOIN,66997,0.05
2026-04-05 10:45:00,BITCOIN,67052,0.03
2026-04-05 11:37:33,BITCOIN,66989,-0.15
2026-04-05 13:15:04,BITCOIN,66816,-0.41
2026-04-05 14:43:00,BITCOIN,66924,-0.23
2026-04-05 15:41:03,BITCOIN,67428,0.15
2026-04-05 16:47:52,BITCOIN,67263,-0.29
2026-04-05 17:40:23,BITCOIN,67321,-0.03
2026-04-05 18:57:03,BITCOIN,67380,0.14
2026-04-05 19:40:40,BITCOIN,67373,0.02
2026-04-05 20:43:25,BITCOIN,67638,0.54
2026-04-05 21:40:36,BITCOIN,67452,0.28
2026-04-05 22:40:25,BITCOIN,67555,0.22
2026-04-05 23:41:52,BITCOIN,68991,2.53
2026-04-06 03:30:30,BITCOIN,69167,3.01
2026-04-06 06:03:38,BITCOIN,69141,3.33
2026-04-06 08:25:26,BITCOIN,69167,3.45
2026-04-06 10:16:52,BITCOIN,69823,4.28
2026-04-06 11:53:36,BITCOIN,69670,4.02
2026-04-06 13:27:10,BITCOIN,69448,4.05
2026-04-06 14:57:09,BITCOIN,69615,4.05
2026-04-06 15:57:04,BITCOIN,69927,3.93
2026-04-06 16:59:49,BITCOIN,69826,3.93
2026-04-06 17:58:57,BITCOIN,69566,3.32
2026-04-06 19:15:09,BITCOIN,69664,3.37
2026-04-06 20:48:46,BITCOIN,69905,3.37
2026-04-06 21:45:55,BITCOIN,69461,2.9
2026-04-06 22:47:19,BITCOIN,69225,1.75
2026-04-06 23:44:49,BITCOIN,68798,-0.16
2026-04-07 03:20:33,BITCOIN,68690,-0.59
2026-04-07 05:50:40,BITCOIN,68652,-0.72
2026-04-07 07:44:03,BITCOIN,68658,-0.48
2026-04-07 09:14:33,BITCOIN,69158,-0.53
2026-04-07 11:06:33,BITCOIN,68161,-2.24
2026-04-07 13:49:30,BITCOIN,68256,-1.54
2026-04-07 15:19:04,BITCOIN,67933,-2.55
2026-04-07 17:11:27,BITCOIN,68311,-1.57
2026-04-07 19:16:33,BITCOIN,68444,-1.89
2026-04-07 20:57:18,BITCOIN,69209,-0.89
2026-04-07 21:53:06,BITCOIN,69888,0.52
2026-04-07 22:49:41,BITCOIN,70931,2.53
2026-04-07 23:48:00,BITCOIN,72073,4.72
2026-04-08 03:22:54,BITCOIN,71299,3.68
2026-04-08 05:51:43,BITCOIN,71701,4.44
2026-04-08 07:47:19,BITCOIN,71635,4.32
2026-04-08 09:13:38,BITCOIN,71860,3.97
2026-04-08 11:08:12,BITCOIN,71530,4.74
2026-04-08 13:52:03,BITCOIN,71911,5.18
2026-04-08 15:20:18,BITCOIN,71105,4.53
2026-04-08 17:15:02,BITCOIN,71764,5.07
2026-04-08 19:36:01,BITCOIN,71159,3.91
2026-04-08 20:55:15,BITCOIN,71344,3.08
2026-04-08 21:52:19,BITCOIN,71593,2.29
2026-04-08 22:52:18,BITCOIN,71260,0.09
2026-04-08 23:48:32,BITCOIN,71098,-1.5
2026-04-09 03:17:26,BITCOIN,70979,-0.48
2026-04-09 05:52:39,BITCOIN,70939,-1.14
2026-04-09 07:49:49,BITCOIN,70972,-0.87
2026-04-09 09:19:19,BITCOIN,71390,-0.59
2026-04-09 11:07:23,BITCOIN,71298,-0.34
2026-04-09 14:01:29,BITCOIN,70799,-1.21
2026-04-09 16:22:35,BITCOIN,72315,1.23
2026-04-09 18:02:46,BITCOIN,72280,0.54
2026-04-09 20:04:32,BITCOIN,72129,1.03
2026-04-09 21:51:46,BITCOIN,72405,1.14
2026-04-09 22:52:20,BITCOIN,72349,1.63
2026-04-09 23:45:25,BITCOIN,71817,1.01
2026-04-10 03:31:13,BITCOIN,71837,1.25
2026-04-10 06:03:48,BITCOIN,72130,1.52
2026-04-10 08:24:50,BITCOIN,71634,0.94
2026-04-10 10:13:18,BITCOIN,71763,0.57
2026-04-10 11:54:26,BITCOIN,72216,1.45
2026-04-10 13:40:38,BITCOIN,72065,1.61
2026-04-10 14:56:57,BITCOIN,72833,2.4
2026-04-10 16:02:28,BITCOIN,72466,0.2
2026-04-10 17:53:15,BITCOIN,73074,1.01
2026-04-10 19:05:43,BITCOIN,73176,1.6
2026-04-10 20:49:25,BITCOIN,73192,1.11
2026-04-10 21:48:52,BITCOIN,73078,0.92
2026-04-10 22:48:04,BITCOIN,72875,0.82
2026-04-10 23:44:33,BITCOIN,72931,1.55
2026-04-11 02:54:09,BITCOIN,72973,1.43
2026-04-11 05:02:19,BITCOIN,72832,1.06
2026-04-11 07:12:02,BITCOIN,72776,1.45
2026-04-11 08:55:09,BITCOIN,72702,1.62
2026-04-11 09:51:50,BITCOIN,72862,1.51
2026-04-11 10:45:11,BITCOIN,72817,1.4
2026-04-11 11:38:23,BITCOIN,72867,0.91
2026-04-11 13:16:04,BITCOIN,72655,0.62
2026-04-11 14:43:55,BITCOIN,72643,-0.33
2026-04-11 15:40:58,BITCOIN,72792,0.19
2026-04-11 16:48:43,BITCOIN,73119,0.45
2026-04-11 17:39:48,BITCOIN,73158,0.37
2026-04-11 18:58:09,BITCOIN,73517,0.55
2026-04-11 19:42:40,BITCOIN,73676,1.0
2026-04-11 20:43:58,BITCOIN,73347,0.24
2026-04-11 21:41:35,BITCOIN,73443,0.54
2026-04-11 22:40:46,BITCOIN,73272,0.49
2026-04-11 23:44:18,BITCOIN,73133,0.27
2026-04-12 03:34:54,BITCOIN,71733,-1.77
2026-04-12 05:59:26,BITCOIN,71747,-1.38
2026-04-12 07:40:28,BITCOIN,71718,-1.5
2026-04-12 08:59:19,BITCOIN,71627,-1.48
2026-04-12 09:55:47,BITCOIN,71558,-1.85
2026-04-12 10:50:51,BITCOIN,71527,-1.74
2026-04-12 11:40:17,BITCOIN,71458,-1.94
2026-04-12 13:18:28,BITCOIN,71068,-2.23
2026-04-12 14:49:27,BITCOIN,70865,-2.5
2026-04-12 15:43:21,BITCOIN,70837,-2.68
2026-04-12 16:51:03,BITCOIN,70875,-3.06
2026-04-12 17:42:03,BITCOIN,71008,-2.93
2026-04-12 19:01:40,BITCOIN,71162,-3.21
2026-04-12 20:46:56,BITCOIN,71346,-2.78
2026-04-12 21:43:18,BITCOIN,71349,-2.88
2026-04-12 22:44:31,BITCOIN,70849,-3.42
2026-04-12 23:45:10,BITCOIN,70638,-3.38
2026-04-13 03:41:22,BITCOIN,70959,-1.03
2026-04-13 06:22:56,BITCOIN,71055,-0.88
2026-04-13 09:05:58,BITCOIN,70851,-1.02
2026-04-13 11:23:14,BITCOIN,70878,-0.92
2026-04-13 14:00:06,BITCOIN,71588,0.95
2026-04-13 15:40:36,BITCOIN,71732,1.28
2026-04-13 17:13:54,BITCOIN,72379,2.01
2026-04-13 19:24:10,BITCOIN,72655,2.07
2026-04-13 21:03:59,BITCOIN,73161,2.43
2026-04-13 22:53:49,BITCOIN,74385,5.01
2026-04-13 23:52:54,BITCOIN,74525,5.37
2026-04-14 03:30:58,BITCOIN,74295,4.58
2026-04-14 06:05:49,BITCOIN,74306,4.67
2026-04-14 08:48:09,BITCOIN,74677,5.72
2026-04-14 10:22:01,BITCOIN,74543,5.3
2026-04-14 12:03:08,BITCOIN,74376,4.92
2026-04-14 14:54:21,BITCOIN,75251,4.56
2026-04-14 16:16:28,BITCOIN,75515,4.86
2026-04-14 18:12:03,BITCOIN,74798,3.59
2026-04-14 20:10:37,BITCOIN,74346,1.58
2026-04-14 21:57:50,BITCOIN,74264,1.42
2026-04-14 22:56:54,BITCOIN,74102,-0.76
2026-04-14 23:53:29,BITCOIN,74199,-0.48
2026-04-15 06:05:19,BITCOIN,74006,-0.41
2026-04-15 08:49:21,BITCOIN,74063,-0.85
2026-04-15 10:22:46,BITCOIN,74025,-0.76
2026-04-15 12:00:29,BITCOIN,74205,-0.29
2026-04-15 14:47:56,BITCOIN,74021,-1.73
2026-04-15 16:10:39,BITCOIN,73970,-2.03
2026-04-15 18:09:30,BITCOIN,74244,-0.73
2026-04-15 20:06:31,BITCOIN,74897,0.74
2026-04-15 21:58:12,BITCOIN,74780,0.66
2026-04-15 22:53:58,BITCOIN,75108,1.37
2026-04-15 23:52:45,BITCOIN,74799,0.95
2026-04-16 03:36:46,BITCOIN,74993,1.0
2026-04-16 06:08:19,BITCOIN,75052,1.45
2026-04-16 08:49:44,BITCOIN,74735,0.91
2026-04-16 10:22:07,BITCOIN,74385,0.51
2026-04-16 12:03:51,BITCOIN,74669,0.63
2026-04-16 15:02:37,BITCOIN,73981,-0.31
2026-04-16 17:23:33,BITCOIN,74105,0.14
2026-04-16 19:26:36,BITCOIN,74964,0.34
2026-04-16 20:58:30,BITCOIN,75203,0.47
2026-04-16 21:55:13,BITCOIN,74986,0.23
2026-04-16 22:52:51,BITCOIN,74940,-0.23
2026-04-16 23:52:05,BITCOIN,75085,0.34
2026-04-17 03:32:55,BITCOIN,74756,-0.34
2026-04-17 06:09:08,BITCOIN,74748,-0.44
2026-04-17 08:48:56,BITCOIN,75346,0.81
2026-04-17 10:19:27,BITCOIN,75634,1.65
2026-04-17 11:57:21,BITCOIN,75562,1.35
2026-04-17 13:52:02,BITCOIN,76904,4.24
2026-04-17 15:02:52,BITCOIN,77922,5.24
2026-04-17 17:01:00,BITCOIN,77866,5.03
2026-04-17 19:12:55,BITCOIN,77163,3.16
2026-04-17 20:56:10,BITCOIN,77334,2.78
2026-04-17 21:54:13,BITCOIN,77464,3.3
2026-04-17 22:52:22,BITCOIN,77385,3.32
2026-04-17 23:50:04,BITCOIN,77134,2.74
2026-04-18 03:20:32,BITCOIN,77262,3.41
2026-04-18 05:45:34,BITCOIN,77165,3.35
2026-04-18 07:21:09,BITCOIN,77068,2.78
2026-04-18 09:00:18,BITCOIN,76755,1.34
2026-04-18 09:57:20,BITCOIN,76580,1.03
2026-04-18 10:53:28,BITCOIN,76229,1.26
2026-04-18 11:40:46,BITCOIN,75990,0.63
2026-04-18 13:18:57,BITCOIN,76116,-0.9
2026-04-18 14:50:25,BITCOIN,76198,-2.22
2026-04-18 16:52:42,BITCOIN,75904,-2.58
2026-04-18 17:44:00,BITCOIN,75897,-1.98
2026-04-18 19:02:45,BITCOIN,75658,-2.02
2026-04-18 20:47:33,BITCOIN,75840,-1.88
2026-04-18 21:44:10,BITCOIN,75710,-2.17
2026-04-18 22:44:19,BITCOIN,75768,-2.16
2026-04-18 23:44:10,BITCOIN,75766,-1.66
2026-04-19 03:39:31,BITCOIN,75602,-2.07
2026-04-19 06:03:55,BITCOIN,75548,-2.12
2026-04-19 08:10:49,BITCOIN,75243,-2.16
2026-04-19 09:54:56,BITCOIN,74995,-2.09
2026-04-19 10:50:55,BITCOIN,75096,-1.45
2026-04-19 11:41:39,BITCOIN,75479,-0.45
2026-04-19 13:19:16,BITCOIN,75815,-0.37
2026-04-19 14:50:21,BITCOIN,76131,-0.14
2026-04-19 15:47:31,BITCOIN,75729,-0.56
2026-04-19 16:52:45,BITCOIN,75607,-0.38
2026-04-19 17:42:46,BITCOIN,75180,-0.94
2026-04-19 19:02:45,BITCOIN,74910,-1.07
2026-04-19 20:48:56,BITCOIN,74588,-1.61
2026-04-19 21:44:50,BITCOIN,74796,-1.25
2026-04-19 22:45:41,BITCOIN,74146,-2.14
2026-04-19 23:47:29,BITCOIN,73874,-2.51
2026-04-20 03:41:09,BITCOIN,74527,-1.41
2026-04-20 06:23:03,BITCOIN,74391,-1.37
2026-04-20 09:11:54,BITCOIN,74945,-0.33
2026-04-20 11:24:43,BITCOIN,75143,-0.35
2026-04-20 14:02:49,BITCOIN,75238,-0.9
2026-04-20 16:17:23,BITCOIN,75422,-0.35
2026-04-20 18:03:09,BITCOIN,75955,1.44
2026-04-20 20:02:53,BITCOIN,76214,1.89
2026-04-20 21:54:53,BITCOIN,75951,1.98
2026-04-20 22:54:25,BITCOIN,75958,2.45
2026-04-20 23:53:13,BITCOIN,75869,2.55
2026-04-21 03:33:56,BITCOIN,75711,1.6
2026-04-21 06:08:46,BITCOIN,75786,1.9
2026-04-21 08:57:05,BITCOIN,76584,2.46
2026-04-21 10:25:40,BITCOIN,76548,1.65
2026-04-21 12:04:24,BITCOIN,76481,1.81
2026-04-21 14:51:06,BITCOIN,76239,1.44
2026-04-21 16:17:03,BITCOIN,75938,0.66
2026-04-21 18:04:57,BITCOIN,75607,-0.66
2026-04-21 20:09:03,BITCOIN,75063,-1.6
2026-04-21 21:53:10,BITCOIN,75544,-0.56
2026-04-21 22:49:01,BITCOIN,75547,-0.59
2026-04-21 23:44:13,BITCOIN,75978,0.24
2026-04-22 03:31:45,BITCOIN,77533,2.41
2026-04-22 06:06:10,BITCOIN,77962,2.86
2026-04-22 08:52:29,BITCOIN,77983,1.81
2026-04-22 10:24:42,BITCOIN,78013,1.93
2026-04-22 12:03:41,BITCOIN,78305,2.41
2026-04-22 14:51:20,BITCOIN,78860,3.44
2026-04-22 16:15:25,BITCOIN,79212,4.33
2026-04-22 18:05:36,BITCOIN,78937,4.39
2026-04-22 20:10:51,BITCOIN,78826,4.35
2026-04-22 21:57:20,BITCOIN,78781,4.24
2026-04-22 22:58:10,BITCOIN,78559,3.87
2026-04-22 23:55:38,BITCOIN,78251,2.51
2026-04-23 03:37:37,BITCOIN,77670,0.29
2026-04-23 06:12:03,BITCOIN,78253,0.37
2026-04-23 08:58:01,BITCOIN,77876,-0.23
2026-04-23 10:41:25,BITCOIN,77433,-0.89
2026-04-23 12:03:39,BITCOIN,77771,-0.74
2026-04-23 15:19:15,BITCOIN,78382,-0.75
2026-04-23 17:39:35,BITCOIN,77507,-1.69
2026-04-23 19:24:15,BITCOIN,77844,-1.41
2026-04-23 21:00:03,BITCOIN,77885,-0.72
2026-04-23 21:57:50,BITCOIN,78010,-0.99
2026-04-23 22:59:13,BITCOIN,78256,-0.44
2026-04-23 23:57:19,BITCOIN,78266,0.09
2026-04-24 03:40:57,BITCOIN,77702,0.14
2026-04-24 06:16:24,BITCOIN,77945,-0.38
2026-04-24 09:05:25,BITCOIN,77711,0.16
2026-04-24 11:13:36,BITCOIN,78179,0.97
2026-04-24 13:57:21,BITCOIN,77999,0.6
2026-04-24 15:17:04,BITCOIN,77749,-0.86
2026-04-24 17:07:16,BITCOIN,77689,-0.21
2026-04-24 19:04:59,BITCOIN,77725,0.06
2026-04-24 20:59:07,BITCOIN,77735,-0.2
2026-04-24 21:56:56,BITCOIN,77596,-0.47
2026-04-24 22:52:25,BITCOIN,77345,-1.2
2026-04-24 23:50:08,BITCOIN,77438,-1.07
2026-04-25 03:21:33,BITCOIN,77599,-0.38
2026-04-25 05:53:35,BITCOIN,77541,-0.41
2026-04-25 07:40:38,BITCOIN,77563,-0.14
2026-04-25 09:03:50,BITCOIN,77626,-0.11
2026-04-25 10:52:53,BITCOIN,77798,0.13
2026-04-25 11:44:36,BITCOIN,77684,-0.8
2026-04-25 13:22:14,BITCOIN,77630,-0.86
2026-04-25 14:53:11,BITCOIN,77737,-0.31
2026-04-25 15:49:41,BITCOIN,77629,-0.5
2026-04-25 16:55:07,BITCOIN,77410,-0.36
2026-04-25 17:47:58,BITCOIN,77320,-0.41
2026-04-25 19:05:33,BITCOIN,77325,-0.38
2026-04-25 20:50:34,BITCOIN,77421,-0.32
2026-04-25 21:45:27,BITCOIN,77453,-0.18
2026-04-25 22:48:14,BITCOIN,77586,0.31
2026-04-25 23:48:26,BITCOIN,77628,0.25
2026-04-26 03:45:26,BITCOIN,77384,-0.43
2026-04-26 06:14:34,BITCOIN,78015,0.59
2026-04-26 08:19:53,BITCOIN,78063,0.63
2026-04-26 10:00:17,BITCOIN,78004,0.32
2026-04-26 10:58:49,BITCOIN,78001,0.26
2026-04-26 11:50:17,BITCOIN,78081,0.57
2026-04-26 13:23:12,BITCOIN,77885,0.3
2026-04-26 14:54:32,BITCOIN,78133,0.53
2026-04-26 15:51:31,BITCOIN,78039,0.79
2026-04-26 16:55:21,BITCOIN,78034,0.8
2026-04-26 17:49:27,BITCOIN,78026,0.92
2026-04-26 19:07:01,BITCOIN,78224,1.19
2026-04-26 20:50:24,BITCOIN,78314,1.15
2026-04-26 21:49:11,BITCOIN,77950,0.58
2026-04-26 22:50:12,BITCOIN,78373,1.02
2026-04-26 23:49:47,BITCOIN,78631,1.31
2026-04-27 03:50:13,BITCOIN,79200,2.34
2026-04-27 06:35:38,BITCOIN,77588,-0.47
2026-04-27 09:26:09,BITCOIN,77715,-0.4
2026-04-27 11:51:48,BITCOIN,77796,-0.41
2026-04-27 14:17:52,BITCOIN,77884,-0.09
2026-04-27 16:48:00,BITCOIN,76615,-1.82
2026-04-27 20:13:58,BITCOIN,76916,-1.69
2026-04-27 22:00:05,BITCOIN,76805,-2.04
2026-04-27 23:05:13,BITCOIN,77053,-1.67
2026-04-28 03:54:45,BITCOIN,76794,-3.0
2026-04-28 06:37:02,BITCOIN,76904,-0.93
2026-04-28 09:29:52,BITCOIN,76747,-1.32
2026-04-28 11:52:33,BITCOIN,76152,-2.14
2026-04-28 14:33:24,BITCOIN,75878,-2.61
2026-04-28 16:59:06,BITCOIN,76099,-0.65
2026-04-28 18:45:55,BITCOIN,76163,-0.85
2026-04-28 20:23:17,BITCOIN,76358,-0.75
2026-04-28 22:06:03,BITCOIN,76368,-0.59
2026-04-29 00:00:40,BITCOIN,76345,-1.25
2026-04-29 04:33:47,BITCOIN,77042,0.36
2026-04-29 07:28:05,BITCOIN,77035,0.55
2026-04-29 10:12:17,BITCOIN,77763,1.62
2026-04-29 12:20:05,BITCOIN,77350,1.5
2026-04-29 15:21:50,BITCOIN,76247,0.3
2026-04-29 17:44:40,BITCOIN,75942,-0.3
2026-04-29 19:46:23,BITCOIN,75418,-1.11
2026-04-29 21:14:02,BITCOIN,75740,-0.8
2026-04-29 23:02:23,BITCOIN,75905,-0.39
2026-04-30 03:52:34,BITCOIN,75881,-1.39
2026-04-30 06:33:28,BITCOIN,75662,-1.81
2026-04-30 09:21:18,BITCOIN,76051,-1.38
2026-04-30 11:45:11,BITCOIN,75913,-2.13
2026-04-30 14:17:05,BITCOIN,76289,-0.45
2026-04-30 16:25:36,BITCOIN,76338,0.72
2026-04-30 18:16:15,BITCOIN,76232,1.39
2026-04-30 20:13:52,BITCOIN,76368,1.1
2026-04-30 22:02:30,BITCOIN,76234,0.48
2026-04-30 23:57:41,BITCOIN,76311,0.71
2026-05-01 04:09:31,BITCOIN,77109,1.83
2026-05-01 07:29:51,BITCOIN,76971,1.5
2026-05-01 09:53:47,BITCOIN,77196,1.42
2026-05-01 11:14:45,BITCOIN,77278,1.48
2026-05-01 13:45:37,BITCOIN,78177,2.15
2026-05-01 15:03:58,BITCOIN,78251,2.68
2026-05-01 17:05:33,BITCOIN,78240,2.58
2026-05-01 19:22:26,BITCOIN,78363,2.55
2026-05-01 21:02:04,BITCOIN,77863,1.81
2026-05-01 22:56:28,BITCOIN,78144,2.57
2026-05-01 23:58:14,BITCOIN,78166,2.46
2026-05-02 03:43:40,BITCOIN,78396,1.65
2026-05-02 06:16:02,BITCOIN,78191,1.37
2026-05-02 08:25:07,BITCOIN,78266,1.07
2026-05-02 10:04:57,BITCOIN,78275,1.4
2026-05-02 11:52:30,BITCOIN,78085,0.92
2026-05-02 13:38:29,BITCOIN,78290,-0.03
2026-05-02 14:56:29,BITCOIN,78410,0.11
2026-05-02 15:55:55,BITCOIN,78433,-0.0
2026-05-02 16:59:52,BITCOIN,78439,0.24
2026-05-02 17:57:51,BITCOIN,78384,-0.21
2026-05-02 19:13:18,BITCOIN,78448,-0.04
2026-05-02 20:53:00,BITCOIN,78419,0.8
2026-05-02 21:52:01,BITCOIN,78791,0.83
2026-05-02 22:53:21,BITCOIN,78777,0.78
2026-05-02 23:54:29,BITCOIN,78639,0.63
2026-05-03 03:59:26,BITCOIN,78185,-0.32
2026-05-03 06:34:16,BITCOIN,78126,-0.03
2026-05-03 08:52:39,BITCOIN,78424,0.12
2026-05-03 10:12:30,BITCOIN,78460,0.23
2026-05-03 11:52:09,BITCOIN,78731,0.79
2026-05-03 13:40:01,BITCOIN,78679,0.49
2026-05-03 14:56:12,BITCOIN,78731,0.39
2026-05-03 15:55:47,BITCOIN,78645,0.23
2026-05-03 17:01:00,BITCOIN,78671,0.3
2026-05-03 19:10:57,BITCOIN,78717,0.33
2026-05-03 20:55:21,BITCOIN,78872,0.55
2026-05-03 21:53:16,BITCOIN,78672,-0.11
2026-05-03 22:53:51,BITCOIN,79229,0.54
2026-05-03 23:56:21,BITCOIN,78564,-0.13
2026-05-04 03:59:49,BITCOIN,80249,2.64
2026-05-04 09:28:27,BITCOIN,79746,1.59
2026-05-04 11:57:25,BITCOIN,78809,0.2
2026-05-04 14:24:16,BITCOIN,79082,0.57
2026-05-04 16:54:45,BITCOIN,80157,1.86
2026-05-04 18:21:50,BITCOIN,80244,1.99
2026-05-04 20:22:27,BITCOIN,79945,1.47
2026-05-04 22:09:58,BITCOIN,80287,1.7
2026-05-05 00:01:26,BITCOIN,79824,1.73
2026-05-05 04:20:03,BITCOIN,80847,0.39
2026-05-05 07:21:59,BITCOIN,80985,1.43
2026-05-05 10:09:23,BITCOIN,80643,2.45
2026-05-05 12:07:54,BITCOIN,80974,2.83
2026-05-05 17:43:55,BITCOIN,81303,1.19
2026-05-05 19:45:49,BITCOIN,81644,2.04
2026-05-05 21:09:50,BITCOIN,81650,1.98
2026-05-05 23:01:35,BITCOIN,81101,1.45
2026-05-06 03:53:14,BITCOIN,81501,0.8
2026-05-06 06:37:31,BITCOIN,81368,0.7
2026-05-06 09:31:30,BITCOIN,81741,1.38
2026-05-06 11:55:36,BITCOIN,82517,1.9
2026-05-06 14:35:56,BITCOIN,81721,0.61
2026-05-06 16:48:54,BITCOIN,81656,0.59
2026-05-06 18:24:33,BITCOIN,81482,0.04
2026-05-06 20:40:32,BITCOIN,81358,-0.37
2026-05-06 22:03:47,BITCOIN,81476,-0.11
2026-05-06 23:57:03,BITCOIN,81418,0.61
2026-05-07 03:56:05,BITCOIN,80939,-0.75
2026-05-07 06:45:41,BITCOIN,81348,-0.15
2026-05-07 09:41:26,BITCOIN,80945,-1.27
2026-05-07 11:55:25,BITCOIN,80824,-2.06
2026-05-07 14:37:00,BITCOIN,80195,-1.82
2026-05-07 16:58:26,BITCOIN,79839,-2.2
2026-05-07 18:52:44,BITCOIN,80019,-1.68
2026-05-07 20:20:21,BITCOIN,80118,-1.82
2026-05-07 22:09:17,BITCOIN,79628,-2.17
2026-05-08 00:00:43,BITCOIN,80021,-1.75
2026-05-08 04:19:04,BITCOIN,79682,-1.52
2026-05-08 06:55:39,BITCOIN,79491,-2.29
2026-05-08 08:25:53,BITCOIN,79706,-2.01
2026-05-08 10:44:50,BITCOIN,80073,-0.95
2026-05-08 12:14:35,BITCOIN,80184,-1.06
2026-05-08 14:58:23,BITCOIN,80156,-0.01
2026-05-08 16:24:46,BITCOIN,79932,0.07
2026-05-08 18:16:04,BITCOIN,80184,0.01
2026-05-08 20:11:00,BITCOIN,80165,0.01
2026-05-08 22:04:41,BITCOIN,80299,0.77
2026-05-09 00:02:41,BITCOIN,80191,0.21
2026-05-09 04:28:43,BITCOIN,80481,1.02
2026-05-09 07:14:37,BITCOIN,80138,0.99
2026-05-09 09:26:25,BITCOIN,80288,0.38
2026-05-09 11:03:32,BITCOIN,80251,0.07
2026-05-09 13:42:54,BITCOIN,80324,0.89
2026-05-09 15:00:20,BITCOIN,80323,0.28
2026-05-09 16:04:01,BITCOIN,80500,0.62
2026-05-09 17:55:56,BITCOIN,80796,0.77
2026-05-09 19:15:42,BITCOIN,80869,1.03
2026-05-09 20:54:29,BITCOIN,80803,0.8
2026-05-09 21:54:27,BITCOIN,80749,0.68
2026-05-09 22:55:43,BITCOIN,80754,0.6
2026-05-09 23:57:17,BITCOIN,80679,0.61
2026-05-10 04:05:40,BITCOIN,80766,0.42
2026-05-10 07:29:01,BITCOIN,80778,0.67
2026-05-10 09:44:15,BITCOIN,80753,0.65
2026-05-10 11:05:00,BITCOIN,80941,0.83
2026-05-10 13:46:05,BITCOIN,80922,0.74
2026-05-10 15:00:57,BITCOIN,80932,0.74
2026-05-10 17:03:41,BITCOIN,81341,0.88
2026-05-10 19:15:46,BITCOIN,81338,0.58
2026-05-10 20:57:55,BITCOIN,80617,-0.21
2026-05-10 21:57:43,BITCOIN,80751,-0.04
2026-05-10 22:59:52,BITCOIN,82041,1.61
2026-05-11 00:03:20,BITCOIN,82243,1.97
2026-05-11 05:02:35,BITCOIN,80804,0.11
2026-05-11 09:55:52,BITCOIN,80920,0.16
2026-05-11 12:45:27,BITCOIN,81162,0.33
2026-05-11 16:08:07,BITCOIN,81428,0.04
2026-05-11 19:02:56,BITCOIN,81848,0.82
2026-05-11 21:23:34,BITCOIN,81690,1.13
2026-05-11 23:02:29,BITCOIN,81793,-0.56
2026-05-12 03:55:51,BITCOIN,81055,0.45
2026-05-12 06:43:04,BITCOIN,81089,0.32
2026-05-12 09:45:58,BITCOIN,80905,0.01
2026-05-12 12:02:47,BITCOIN,80755,-0.48
2026-05-12 15:43:05,BITCOIN,80320,-1.12
2026-05-12 18:06:58,BITCOIN,80485,-1.89
2026-05-12 20:44:23,BITCOIN,80637,-1.4
2026-05-12 22:17:56,BITCOIN,80604,-1.51
2026-05-13 00:08:00,BITCOIN,80461,-1.48
2026-05-13 04:53:37,BITCOIN,81189,-0.03
2026-05-13 07:55:33,BITCOIN,80921,0.02
2026-05-13 10:37:42,BITCOIN,80914,0.28
2026-05-13 13:22:06,BITCOIN,80276,-0.49
2026-05-13 16:26:49,BITCOIN,78962,-1.65
2026-05-13 19:00:50,BITCOIN,79610,-1.34
2026-05-13 21:40:53,BITCOIN,79444,-1.37
2026-05-13 23:12:53,BITCOIN,79356,-1.55
2026-05-14 04:03:19,BITCOIN,78970,-2.76
2026-05-14 07:48:50,BITCOIN,79858,-1.33
2026-05-14 10:27:40,BITCOIN,79658,-1.66
2026-05-14 12:58:31,BITCOIN,79702,-0.59
2026-05-14 15:27:09,BITCOIN,80991,2.16
2026-05-14 18:01:24,BITCOIN,81648,2.69
2026-05-14 20:39:41,BITCOIN,81197,1.97
2026-05-14 22:16:22,BITCOIN,81461,2.73
2026-05-15 00:02:59,BITCOIN,81071,2.17
2026-05-15 04:56:05,BITCOIN,80814,1.78
2026-05-15 08:07:54,BITCOIN,80706,1.28
2026-05-15 11:25:50,BITCOIN,80591,1.61
2026-05-15 14:25:57,BITCOIN,79164,-1.15
2026-05-15 16:55:29,BITCOIN,79204,-2.36
2026-05-15 18:25:42,BITCOIN,79277,-3.18
2026-05-15 20:19:29,BITCOIN,79100,-2.73
2026-05-15 22:04:23,BITCOIN,78979,-2.93
2026-05-15 23:59:06,BITCOIN,79072,-2.44
2026-05-16 03:55:18,BITCOIN,79030,-2.42
2026-05-16 06:27:54,BITCOIN,78787,-2.1
2026-05-16 08:53:37,BITCOIN,78349,-2.76
2026-05-16 10:22:02,BITCOIN,77866,-3.3
2026-05-16 11:57:36,BITCOIN,78052,-3.17
2026-05-16 13:52:05,BITCOIN,77882,-1.35
2026-05-16 15:03:52,BITCOIN,78144,-1.19
2026-05-16 17:07:06,BITCOIN,78230,-1.3
2026-05-16 19:17:04,BITCOIN,78210,-1.09
2026-05-16 20:59:01,BITCOIN,78219,-1.08
2026-05-16 21:59:32,BITCOIN,78255,-0.89
2026-05-16 23:01:10,BITCOIN,78156,-1.15
2026-05-17 04:08:26,BITCOIN,78026,-1.29
2026-05-17 07:37:07,BITCOIN,78157,-0.39
2026-05-17 09:54:45,BITCOIN,78150,0.07
2026-05-17 11:16:49,BITCOIN,78346,0.31
2026-05-17 13:48:56,BITCOIN,78235,0.47
2026-05-17 15:04:28,BITCOIN,78009,-0.2
2026-05-17 17:06:10,BITCOIN,77983,-0.31
2026-05-17 19:20:01,BITCOIN,78207,-0.0
2026-05-17 21:03:04,BITCOIN,78237,0.0
2026-05-17 22:59:18,BITCOIN,77921,-0.3
2026-05-18 00:05:44,BITCOIN,77280,-1.16
2026-05-18 05:12:27,BITCOIN,77015,-1.54
2026-05-18 10:20:29,BITCOIN,76719,-2.17
2026-05-18 14:35:50,BITCOIN,76402,-2.03
2026-05-18 17:33:35,BITCOIN,76581,-1.71
2026-05-18 19:55:36,BITCOIN,76882,-1.96
2026-05-18 21:20:04,BITCOIN,76872,-1.74
2026-05-18 23:12:21,BITCOIN,77078,-0.96
2026-05-19 04:16:29,BITCOIN,76831,-0.14
2026-05-19 08:34:01,BITCOIN,76981,0.07
2026-05-19 12:17:07,BITCOIN,76719,-0.89
2026-05-19 16:28:05,BITCOIN,76516,0.4
2026-05-19 19:08:15,BITCOIN,76818,0.37
2026-05-19 21:27:01,BITCOIN,76970,0.0
2026-05-19 23:12:26,BITCOIN,76731,-0.42
2026-05-20 04:17:15,BITCOIN,76739,-0.03
2026-05-20 08:32:16,BITCOIN,77216,0.28
2026-05-20 11:54:19,BITCOIN,77278,0.78
2026-05-20 15:45:03,BITCOIN,77375,1.25
2026-05-20 18:26:09,BITCOIN,77459,0.95
2026-05-20 21:03:30,BITCOIN,77620,0.88
2026-05-20 23:20:01,BITCOIN,77346,0.73
2026-05-21 04:25:16,BITCOIN,77923,1.55
2026-05-21 08:39:37,BITCOIN,77848,0.64
2026-05-21 12:22:40,BITCOIN,77082,-0.31
2026-05-21 16:20:45,BITCOIN,77125,-0.08
2026-05-21 19:04:20,BITCOIN,77357,0.05
2026-05-21 21:42:22,BITCOIN,77681,0.16
2026-05-21 23:09:28,BITCOIN,77624,0.31
2026-05-22 04:20:05,BITCOIN,77763,-0.19
2026-05-22 08:27:08,BITCOIN,77417,-0.68
2026-05-22 11:50:51,BITCOIN,77332,0.21
2026-05-22 14:55:11,BITCOIN,76711,-0.25
2026-05-22 17:15:28,BITCOIN,76874,-0.62
2026-05-22 19:59:01,BITCOIN,75817,-2.33
2026-05-22 21:20:00,BITCOIN,75911,-2.31
2026-05-22 23:11:28,BITCOIN,75751,-2.34
2026-05-23 03:58:31,BITCOIN,75564,-2.74
2026-05-23 06:41:10,BITCOIN,75358,-2.55
2026-05-23 09:07:14,BITCOIN,74575,-3.34
2026-05-23 11:18:42,BITCOIN,74716,-3.17
2026-05-23 13:54:37,BITCOIN,75029,-2.73
2026-05-23 15:08:51,BITCOIN,75457,-1.75
2026-05-23 17:11:46,BITCOIN,75382,-1.94
2026-05-23 19:22:16,BITCOIN,75853,-0.59
2026-05-23 21:02:02,BITCOIN,77181,1.65
2026-05-23 22:59:08,BITCOIN,76497,1.12
2026-05-24 00:06:47,BITCOIN,76612,1.5
2026-05-24 05:07:03,BITCOIN,76675,1.64
2026-05-24 08:40:47,BITCOIN,76728,3.21
2026-05-24 10:46:42,BITCOIN,77096,3.29
2026-05-24 12:05:31,BITCOIN,77168,3.33
2026-05-24 14:40:47,BITCOIN,76408,1.4
2026-05-24 16:07:54,BITCOIN,76474,1.36
2026-05-24 18:03:43,BITCOIN,76611,1.61
2026-05-24 20:12:04,BITCOIN,76617,0.84
2026-05-24 22:01:54,BITCOIN,76114,-0.85
2026-05-25 00:08:01,BITCOIN,77058,0.61
2026-05-25 05:26:07,BITCOIN,77293,0.88
2026-05-25 10:24:30,BITCOIN,77484,0.77
2026-05-25 14:14:11,BITCOIN,77405,1.31
2026-05-25 17:11:05,BITCOIN,77695,1.48
2026-05-25 19:52:03,BITCOIN,77355,0.91
2026-05-25 21:17:50,BITCOIN,77267,0.87
2026-05-25 23:14:03,BITCOIN,77190,0.44
2026-05-26 04:16:40,BITCOIN,76581,-0.48
2026-05-26 08:37:41,BITCOIN,76679,-0.74
2026-05-26 16:48:38,BITCOIN,76486,-1.5
2026-05-26 19:23:58,BITCOIN,75759,-2.14
2026-05-26 21:53:24,BITCOIN,75898,-1.76
2026-05-26 23:16:05,BITCOIN,75794,-1.84
2026-05-27 04:39:12,BITCOIN,75236,-1.9
2026-05-27 08:43:11,BITCOIN,75871,-1.13
2026-05-27 12:27:50,BITCOIN,75787,-1.44
2026-05-27 16:41:49,BITCOIN,74940,-2.01
2026-05-27 19:29:40,BITCOIN,74912,-1.17
2026-05-27 22:03:27,BITCOIN,74339,-2.0
2026-05-28 00:05:44,BITCOIN,74438,-1.87
2026-05-28 05:14:46,BITCOIN,72912,-3.43
2026-05-28 10:18:26,BITCOIN,73447,-3.18
2026-05-28 14:42:12,BITCOIN,72822,-2.82
2026-05-28 18:17:20,BITCOIN,73565,-1.49
2026-05-28 21:12:50,BITCOIN,73543,-2.05
2026-05-28 23:23:36,BITCOIN,73488,-1.01
2026-05-29 04:21:43,BITCOIN,73155,0.48
2026-05-29 08:47:50,BITCOIN,73683,0.62
2026-05-29 12:22:45,BITCOIN,73279,0.14
2026-05-29 16:50:29,BITCOIN,73929,0.91
2026-05-29 19:36:08,BITCOIN,73464,0.17
2026-05-29 21:58:35,BITCOIN,73337,-0.55
2026-05-29 23:24:50,BITCOIN,73265,-0.29
2026-05-30 04:06:48,BITCOIN,73417,0.34
2026-05-30 07:44:53,BITCOIN,73411,0.12
2026-05-30 10:07:21,BITCOIN,73506,-0.14
2026-05-30 12:08:37,BITCOIN,73493,0.28
2026-05-30 14:43:48,BITCOIN,73955,1.99
2026-05-30 16:10:01,BITCOIN,73815,0.05
2026-05-30 18:06:53,BITCOIN,73917,0.01
2026-05-30 20:12:48,BITCOIN,73867,0.43
2026-05-30 22:06:09,BITCOIN,73791,0.66
2026-05-31 00:07:54,BITCOIN,73758,0.47
2026-05-31 05:24:14,BITCOIN,74065,0.84
2026-05-31 09:15:07,BITCOIN,73803,0.48
2026-05-31 11:43:34,BITCOIN,73831,0.41
2026-05-31 14:02:43,BITCOIN,73736,-0.06
2026-05-31 16:18:27,BITCOIN,73510,-0.43
2026-05-31 18:09:21,BITCOIN,73538,-0.51
2026-05-31 20:17:30,BITCOIN,73564,-0.4
2026-05-31 22:06:50,BITCOIN,73651,-0.15
2026-06-01 00:11:55,BITCOIN,73653,-0.18
2026-06-01 06:10:15,BITCOIN,73201,-0.94
2026-06-01 12:44:26,BITCOIN,72162,-2.3
2026-06-01 18:43:30,BITCOIN,71512,-2.75
2026-06-01 22:13:29,BITCOIN,70863,-3.9
2026-06-02 00:20:19,BITCOIN,71144,-3.4
2026-06-02 05:55:22,BITCOIN,70281,-4.13
2026-06-02 10:49:52,BITCOIN,69417,-4.46
2026-06-02 14:59:18,BITCOIN,67992,-4.73
2026-06-02 18:50:38,BITCOIN,67173,-5.89
2026-06-02 21:54:25,BITCOIN,67475,-4.94
2026-06-02 23:54:03,BITCOIN,66650,-6.6
2026-06-03 05:00:40,BITCOIN,66375,-5.99
2026-06-03 11:17:46,BITCOIN,67216,-3.1
2026-06-03 17:04:52,BITCOIN,65919,-2.22
2026-06-03 21:24:32,BITCOIN,65459,-3.26
2026-06-03 23:51:17,BITCOIN,64188,-3.69
2026-06-04 04:53:11,BITCOIN,64311,-2.88
2026-06-04 08:55:23,BITCOIN,63524,-5.09
2026-06-04 12:08:16,BITCOIN,62486,-6.69
2026-06-04 16:25:18,BITCOIN,63643,-3.11
2026-06-04 19:27:09,BITCOIN,63929,-2.46
2026-06-04 21:48:12,BITCOIN,63374,-3.48
2026-06-04 23:15:26,BITCOIN,63588,-1.56
2026-06-05 04:37:20,BITCOIN,63029,-2.06
2026-06-05 08:48:32,BITCOIN,62469,-1.45
2026-06-05 12:15:30,BITCOIN,62091,-0.57
2026-06-05 16:05:35,BITCOIN,60212,-5.53
2026-06-05 19:01:10,BITCOIN,59343,-6.78
2026-06-05 21:39:37,BITCOIN,61714,-2.5
2026-06-05 23:17:11,BITCOIN,61303,-3.31
2026-06-06 04:10:36,BITCOIN,60445,-3.76
2026-06-06 07:50:28,BITCOIN,61031,-2.9
2026-06-06 10:13:30,BITCOIN,60656,-3.27
2026-06-06 12:11:07,BITCOIN,61031,-1.71
2026-06-06 14:48:40,BITCOIN,60901,-0.01
2026-06-06 16:13:23,BITCOIN,60752,0.18
2026-06-06 18:13:59,BITCOIN,60567,-0.19
2026-06-06 20:15:56,BITCOIN,60548,-0.53
2026-06-06 22:10:34,BITCOIN,60590,-1.18
2026-06-07 00:12:17,BITCOIN,60812,-0.95
2026-06-07 05:44:49,BITCOIN,61783,1.68
2026-06-07 09:28:01,BITCOIN,62632,2.24
2026-06-07 11:55:31,BITCOIN,62578,2.78
2026-06-07 14:11:43,BITCOIN,61742,1.39
2026-06-07 16:23:54,BITCOIN,62229,2.58
2026-06-07 18:11:13,BITCOIN,62192,2.8
2026-06-07 20:19:27,BITCOIN,61505,1.53
2026-06-07 22:11:47,BITCOIN,61849,2.05
2026-06-08 00:17:40,BITCOIN,63187,3.88
2026-06-08 05:59:15,BITCOIN,62692,1.56
2026-06-08 11:17:34,BITCOIN,63399,1.53
2026-06-08 16:09:54,BITCOIN,63810,2.97
2026-06-08 19:27:13,BITCOIN,63430,3.28
2026-06-08 21:56:26,BITCOIN,63728,3.23
2026-06-08 23:18:20,BITCOIN,63386,0.92
2026-06-09 04:14:27,BITCOIN,62923,-0.01
2026-06-09 08:36:22,BITCOIN,62889,-0.38
2026-06-09 12:11:33,BITCOIN,62796,-0.23
2026-06-09 16:09:28,BITCOIN,60963,-4.43
2026-06-09 19:22:48,BITCOIN,61775,-2.64
2026-06-09 21:54:14,BITCOIN,61735,-3.13
2026-06-09 23:22:48,BITCOIN,61807,-2.13
2026-06-10 04:25:09,BITCOIN,61464,-2.18
2026-06-10 08:56:10,BITCOIN,61230,-2.54
2026-06-10 12:31:29,BITCOIN,61084,-2.38
2026-06-10 16:40:25,BITCOIN,62280,2.28
2026-06-10 19:41:28,BITCOIN,61936,0.17
2026-06-10 22:11:16,BITCOIN,61222,-0.87
2026-06-11 00:23:20,BITCOIN,61884,0.26
2026-06-11 05:58:24,BITCOIN,62611,2.13
2026-06-11 10:55:37,BITCOIN,62957,2.63
2026-06-11 14:47:40,BITCOIN,62835,1.51
2026-06-11 18:25:24,BITCOIN,63356,2.39
2026-06-11 21:26:45,BITCOIN,63446,3.12
2026-06-11 23:44:00,BITCOIN,63606,3.42
2026-06-12 04:50:20,BITCOIN,63625,1.43
2026-06-12 09:05:44,BITCOIN,63381,0.95
2026-06-12 13:33:29,BITCOIN,63246,0.87
2026-06-12 16:50:38,BITCOIN,63877,2.07
2026-06-12 19:12:42,BITCOIN,63655,0.34
2026-06-12 21:56:30,BITCOIN,63453,0.04
2026-06-12 23:26:08,BITCOIN,63412,0.15
2026-06-13 04:38:52,BITCOIN,63568,-0.09
2026-06-13 08:27:42,BITCOIN,63758,0.49
2026-06-13 11:21:57,BITCOIN,63925,0.25
2026-06-13 14:17:52,BITCOIN,64140,1.19
2026-06-13 16:21:23,BITCOIN,64027,0.4
2026-06-13 18:15:59,BITCOIN,64031,0.32
2026-06-13 20:21:30,BITCOIN,64237,1.15
2026-06-13 22:12:55,BITCOIN,64383,1.44
2026-06-14 00:16:19,BITCOIN,64384,1.34
2026-06-14 05:58:03,BITCOIN,64329,1.28
2026-06-14 09:52:28,BITCOIN,64540,1.29
2026-06-14 12:04:32,BITCOIN,64523,0.94
2026-06-14 15:10:52,BITCOIN,64081,-0.26
2026-06-14 17:26:40,BITCOIN,63896,-0.21
2026-06-14 19:48:21,BITCOIN,63715,-0.86
2026-06-14 21:22:06,BITCOIN,64736,0.82
2026-06-14 23:17:32,BITCOIN,65551,1.57
2026-06-15 05:15:36,BITCOIN,65642,2.05
2026-06-15 12:34:30,BITCOIN,66204,2.86
2026-06-15 17:58:46,BITCOIN,66842,4.95
2026-06-15 21:15:44,BITCOIN,66451,3.77
2026-06-15 23:52:58,BITCOIN,66287,0.9
2026-06-16 05:20:04,BITCOIN,65989,0.49
2026-06-16 11:27:08,BITCOIN,66390,0.3
2026-06-16 17:11:49,BITCOIN,65741,-1.67
2026-06-16 21:12:53,BITCOIN,65828,-0.94
2026-06-16 23:40:50,BITCOIN,65703,-0.73
2026-06-17 04:59:22,BITCOIN,65848,0.02
2026-06-17 09:58:26,BITCOIN,64813,-2.5
2026-06-17 13:52:36,BITCOIN,65227,-1.19
2026-06-17 17:12:35,BITCOIN,65872,0.17
2026-06-17 20:24:53,BITCOIN,64289,-2.21
2026-06-17 22:48:29,BITCOIN,64299,-2.04
2026-06-18 00:21:22,BITCOIN,64618,-1.62
2026-06-18 06:02:38,BITCOIN,63896,-2.85
2026-06-18 11:12:34,BITCOIN,63996,-0.9
2026-06-18 15:44:39,BITCOIN,62661,-4.21
2026-06-18 18:30:56,BITCOIN,62786,-3.88
2026-06-18 21:25:02,BITCOIN,62956,-2.1
2026-06-18 23:52:06,BITCOIN,62848,-2.47
2026-06-19 05:09:47,BITCOIN,62560,-1.77
2026-06-19 10:51:06,BITCOIN,62412,-2.46
2026-06-19 14:16:42,BITCOIN,63038,-1.29
2026-06-19 17:23:10,BITCOIN,63020,1.03
2026-06-19 19:58:09,BITCOIN,63032,0.19
2026-06-19 21:17:28,BITCOIN,63198,0.41
2026-06-19 23:06:22,BITCOIN,63237,0.76
2026-06-20 04:21:55,BITCOIN,63430,1.18
2026-06-20 08:25:50,BITCOIN,63456,1.35
2026-06-20 11:23:07,BITCOIN,63604,1.58
2026-06-20 14:21:34,BITCOIN,63243,0.41
2026-06-20 16:25:37,BITCOIN,63974,1.11
2026-06-20 18:19:07,BITCOIN,63780,1.09
2026-06-20 20:20:39,BITCOIN,63890,1.44
2026-06-20 22:16:44,BITCOIN,64069,1.53
2026-06-21 00:16:10,BITCOIN,64186,1.17
2026-06-21 06:10:31,BITCOIN,64137,0.85
2026-06-21 10:36:48,BITCOIN,64255,1.1
2026-06-21 13:13:05,BITCOIN,64094,0.87
2026-06-21 16:00:37,BITCOIN,64164,0.16
2026-06-21 18:22:51,BITCOIN,63940,0.25
2026-06-21 20:42:27,BITCOIN,63922,0.19
2026-06-21 22:19:34,BITCOIN,63646,-0.6
2026-06-22 00:18:09,BITCOIN,63453,-1.12
2026-06-22 06:34:42,BITCOIN,64057,-0.21
2026-06-22 12:54:24,BITCOIN,65121,1.65
2026-06-22 17:44:30,BITCOIN,64384,0.53
2026-06-22 21:09:03,BITCOIN,64360,1.07
2026-06-22 23:26:08,BITCOIN,63920,0.47
2026-06-23 04:11:34,BITCOIN,63992,0.11
2026-06-23 08:33:04,BITCOIN,62125,-3.13
2026-06-23 12:11:34,BITCOIN,62408,-3.55
2026-06-23 15:56:30,BITCOIN,62272,-3.83
2026-06-23 18:06:45,BITCOIN,62320,-3.57
2026-06-23 21:03:55,BITCOIN,62414,-3.06
2026-06-23 23:13:40,BITCOIN,62491,-2.24
2026-06-24 04:14:26,BITCOIN,62583,-2.17
2026-06-24 08:28:08,BITCOIN,62606,0.9
2026-06-24 11:51:01,BITCOIN,62848,0.69
2026-06-24 14:48:05,BITCOIN,61080,-2.24
2026-06-24 17:10:34,BITCOIN,59776,-4.2
2026-06-24 19:57:14,BITCOIN,59765,-4.08
2026-06-24 21:39:24,BITCOIN,60887,-2.57
2026-06-24 23:13:37,BITCOIN,60823,-2.63
2026-06-25 04:14:43,BITCOIN,60748,-2.93
2026-06-25 08:28:08,BITCOIN,61642,-1.55
2026-06-25 11:45:31,BITCOIN,61248,-2.21
2026-06-25 14:47:34,BITCOIN,59360,-2.84
2026-06-25 17:19:18,BITCOIN,59446,-0.24
2026-06-25 20:12:59,BITCOIN,59516,-1.84
2026-06-25 22:25:58,BITCOIN,59766,-1.7
2026-06-26 00:17:26,BITCOIN,59752,-1.93
2026-06-26 05:15:50,BITCOIN,59854,-2.71
2026-06-26 09:42:06,BITCOIN,59961,-2.78
2026-06-26 12:18:38,BITCOIN,59485,-2.63
2026-06-26 15:27:57,BITCOIN,60186,1.67
2026-06-26 17:57:46,BITCOIN,59927,0.66
2026-06-26 20:03:07,BITCOIN,59792,0.94
2026-06-26 22:19:31,BITCOIN,59864,0.05
2026-06-27 00:16:13,BITCOIN,60038,0.51
2026-06-27 04:58:28,BITCOIN,60181,0.61
2026-06-27 07:55:24,BITCOIN,60407,-0.12
2026-06-27 10:17:57,BITCOIN,60367,1.1
2026-06-27 12:12:24,BITCOIN,60239,1.42
2026-06-27 14:49:01,BITCOIN,60551,1.39
2026-06-27 16:13:14,BITCOIN,60660,0.92
2026-06-27 18:11:12,BITCOIN,60447,0.72
2026-06-27 20:14:38,BITCOIN,60177,0.91
2026-06-27 22:09:57,BITCOIN,60027,0.42
2026-06-28 00:09:51,BITCOIN,60027,-0.04
2026-06-28 05:23:07,BITCOIN,59918,-0.44
2026-06-28 09:23:39,BITCOIN,60247,0.01
2026-06-28 11:52:02,BITCOIN,60201,-0.09
2026-06-28 14:05:44,BITCOIN,60002,-0.78
2026-06-28 16:19:20,BITCOIN,59776,-1.39
2026-06-28 18:11:07,BITCOIN,59588,-1.4
2026-06-28 20:18:43,BITCOIN,59600,-0.95
2026-06-28 22:07:44,BITCOIN,59733,-0.5
2026-06-29 00:15:35,BITCOIN,59529,-0.84
2026-06-29 05:57:42,BITCOIN,59894,0.0
2026-06-29 11:20:13,BITCOIN,59823,-0.45
2026-06-29 16:01:40,BITCOIN,59716,-0.18
2026-06-29 19:07:34,BITCOIN,60092,1.09
2026-06-29 21:39:41,BITCOIN,60338,1.2
2026-06-29 23:05:26,BITCOIN,60290,2.24
2026-06-30 04:15:49,BITCOIN,59448,-0.63
2026-06-30 08:33:50,BITCOIN,59307,-0.7
2026-06-30 11:48:13,BITCOIN,59180,-1.03
2026-06-30 14:35:27,BITCOIN,58866,-1.08
2026-06-30 17:09:14,BITCOIN,58451,-2.74
2026-06-30 20:08:15,BITCOIN,58718,-2.75
2026-06-30 22:18:50,BITCOIN,58630,-2.89
2026-07-01 00:15:29,BITCOIN,58562,-2.59
2026-07-01 05:46:09,BITCOIN,59090,-0.69
2026-07-01 10:03:48,BITCOIN,58821,-0.77
2026-07-01 13:36:48,BITCOIN,58721,0.85
2026-07-01 16:31:18,BITCOIN,60086,3.23
2026-07-01 19:02:49,BITCOIN,60111,2.61
2026-07-01 21:42:20,BITCOIN,60666,3.62
2026-07-01 23:22:05,BITCOIN,60252,2.98
2026-07-02 04:11:10,BITCOIN,60831,3.05
2026-07-02 08:16:45,BITCOIN,60246,2.76
2026-07-02 11:39:39,BITCOIN,61229,4.44
2026-07-02 14:21:40,BITCOIN,61705,3.06
2026-07-02 16:56:13,BITCOIN,61627,2.96
2026-07-02 18:41:04,BITCOIN,61739,2.67
2026-07-02 20:24:04,BITCOIN,61369,2.44
2026-07-02 22:13:48,BITCOIN,61472,1.18
2026-07-03 00:14:03,BITCOIN,61340,2.37
2026-07-03 04:49:52,BITCOIN,61353,1.09
2026-07-03 08:15:25,BITCOIN,61674,2.42
2026-07-03 11:38:11,BITCOIN,61877,1.07
2026-07-03 14:25:50,BITCOIN,61806,0.34
2026-07-03 16:41:05,BITCOIN,61993,1.05
2026-07-03 18:17:50,BITCOIN,62116,0.65
2026-07-03 20:19:05,BITCOIN,62368,1.58
2026-07-03 22:11:12,BITCOIN,62573,1.82
2026-07-04 00:12:43,BITCOIN,62795,2.33
2026-07-04 04:41:01,BITCOIN,62641,1.99
2026-07-04 07:52:37,BITCOIN,62519,1.26
2026-07-04 10:19:49,BITCOIN,62434,1.34
2026-07-04 12:10:56,BITCOIN,62497,0.72
2026-07-04 14:42:11,BITCOIN,62607,1.04
2026-07-04 16:09:51,BITCOIN,62842,1.51
2026-07-04 18:07:46,BITCOIN,63224,1.85
2026-07-04 20:13:04,BITCOIN,63295,1.53
2026-07-04 22:04:17,BITCOIN,63248,0.98
2026-07-05 00:07:25,BITCOIN,63023,0.38
2026-07-05 05:02:31,BITCOIN,62760,0.31
2026-07-05 09:16:59,BITCOIN,62826,0.6
2026-07-05 11:40:23,BITCOIN,62657,0.3
2026-07-05 13:57:23,BITCOIN,62737,0.32
2026-07-05 15:20:50,BITCOIN,62746,0.01
2026-07-05 17:20:33,BITCOIN,62654,-0.32
2026-07-05 19:35:42,BITCOIN,62760,-0.91
2026-07-05 21:11:10,BITCOIN,62576,-1.12
2026-07-05 23:08:57,BITCOIN,63743,0.92
2026-07-06 04:17:14,BITCOIN,63259,0.81
2026-07-06 09:05:45,BITCOIN,62842,-0.0
2026-07-06 13:53:39,BITCOIN,61907,-1.31
2026-07-06 16:56:11,BITCOIN,63673,1.73
2026-07-06 19:01:34,BITCOIN,63662,1.41
2026-07-06 21:42:31,BITCOIN,64142,1.93
2026-07-06 23:14:33,BITCOIN,64227,0.58
2026-07-07 04:06:57,BITCOIN,63144,-0.1
2026-07-07 08:29:18,BITCOIN,63059,0.1
2026-07-07 12:02:07,BITCOIN,63346,2.26
2026-07-07 15:46:12,BITCOIN,63763,1.55
2026-07-07 18:07:04,BITCOIN,64004,0.55
2026-07-07 20:52:38,BITCOIN,63580,-0.38
2026-07-07 22:17:07,BITCOIN,63421,-1.5
2026-07-08 00:05:13,BITCOIN,63341,-1.0
2026-07-08 04:20:47,BITCOIN,62763,-0.6
2026-07-08 07:35:18,BITCOIN,62780,-0.61
2026-07-08 10:26:49,BITCOIN,62002,-2.06
2026-07-08 12:26:42,BITCOIN,62206,-2.28
2026-07-08 15:27:46,BITCOIN,61508,-3.41
2026-07-08 17:45:53,BITCOIN,62216,-2.97
2026-07-08 19:45:29,BITCOIN,62202,-2.42
2026-07-08 21:16:36,BITCOIN,61940,-2.47
2026-07-08 23:16:19,BITCOIN,62276,-2.16
2026-07-09 04:01:05,BITCOIN,61933,-1.31
2026-07-09 08:33:39,BITCOIN,62978,1.57
2026-07-09 12:16:47,BITCOIN,62721,0.68
2026-07-09 16:05:47,BITCOIN,62870,1.96
2026-07-09 18:53:19,BITCOIN,63253,1.72
2026-07-09 20:52:07,BITCOIN,63243,1.87
2026-07-09 22:37:29,BITCOIN,63237,1.62
2026-07-10 00:12:15,BITCOIN,63119,1.5
2026-07-10 04:59:16,BITCOIN,64017,2.61
2026-07-10 08:32:10,BITCOIN,64260,2.08
2026-07-10 12:04:24,BITCOIN,64352,2.67
2026-07-10 15:35:43,BITCOIN,64046,1.84
2026-07-10 17:52:48,BITCOIN,63863,1.29
2026-07-10 19:43:33,BITCOIN,63955,1.09
2026-07-10 21:13:14,BITCOIN,63890,0.97
2026-07-10 23:04:55,BITCOIN,63993,1.3
2026-07-11 03:28:00,BITCOIN,64103,0.45
2026-07-11 06:21:10,BITCOIN,64156,0.41
2026-07-11 08:53:01,BITCOIN,64188,0.09
2026-07-11 10:20:47,BITCOIN,64101,-0.26
2026-07-11 11:58:09,BITCOIN,64131,-0.36
2026-07-11 13:46:36,BITCOIN,64186,-0.4
2026-07-11 15:02:13,BITCOIN,64306,0.58
2026-07-11 17:05:32,BITCOIN,64126,0.18
2026-07-11 19:15:29,BITCOIN,64263,0.68
2026-07-11 20:59:29,BITCOIN,64332,0.83
2026-07-11 22:00:47,BITCOIN,64303,0.54
2026-07-12 00:01:54,BITCOIN,63774,-0.47
2026-07-12 04:29:43,BITCOIN,64055,-0.06
2026-07-12 07:32:01,BITCOIN,63822,-0.54
2026-07-12 09:57:54,BITCOIN,63946,-0.25
2026-07-12 11:19:34,BITCOIN,63840,-0.44
2026-07-12 13:44:12,BITCOIN,64006,-0.26
2026-07-12 15:04:40,BITCOIN,64144,-0.28
2026-07-12 17:08:35,BITCOIN,64106,-0.1
2026-07-12 19:15:48,BITCOIN,64152,-0.19
2026-07-12 21:00:01,BITCOIN,64158,-0.28
2026-07-12 22:02:59,BITCOIN,63787,-0.81
2026-07-13 00:01:45,BITCOIN,63736,-0.08
2026-07-13 04:35:38,BITCOIN,62688,-1.93
2026-07-13 08:21:54,BITCOIN,62962,-1.57
2026-07-13 12:13:41,BITCOIN,62798,-1.99
2026-07-13 15:45:53,BITCOIN,62572,-2.42
2026-07-13 18:00:52,BITCOIN,61872,-3.4
2026-07-13 20:19:30,BITCOIN,62094,-3.22
2026-07-13 22:01:44,BITCOIN,62022,-2.93
2026-07-13 23:58:27,BITCOIN,62233,-2.37
2026-07-14 03:23:32,BITCOIN,62264,-0.99
2026-07-14 06:18:53,BITCOIN,62604,-0.14
2026-07-14 09:10:09,BITCOIN,62609,-0.76
2026-07-14 11:37:14,BITCOIN,62833,-0.17
2026-07-14 14:02:28,BITCOIN,63779,2.45
2026-07-14 16:20:45,BITCOIN,64666,3.69
2026-07-14 18:09:56,BITCOIN,64514,4.15
2026-07-14 20:18:18,BITCOIN,64447,3.86
2026-07-14 22:05:01,BITCOIN,64567,4.0
2026-07-14 23:58:29,BITCOIN,64966,4.38
2026-07-15 03:24:01,BITCOIN,64567,3.69
2026-07-15 06:22:18,BITCOIN,64958,3.73
2026-07-15 09:15:57,BITCOIN,64786,3.48
2026-07-15 11:40:52,BITCOIN,64647,2.95
2026-07-15 13:59:01,BITCOIN,64988,1.92
2026-07-15 15:42:05,BITCOIN,65456,1.12
2026-07-15 17:24:39,BITCOIN,64999,0.89
2026-07-15 19:23:11,BITCOIN,64741,0.22
2026-07-15 21:08:07,BITCOIN,64914,0.55
2026-07-15 23:03:45,BITCOIN,64849,0.12
2026-07-16 03:23:10,BITCOIN,64583,0.05
2026-07-16 06:25:58,BITCOIN,64803,-0.19
2026-07-16 09:20:21,BITCOIN,64082,-1.16
2026-07-16 11:46:18,BITCOIN,64205,-0.68
2026-07-16 14:10:53,BITCOIN,64536,-1.12
2026-07-16 16:23:25,BITCOIN,64421,-1.04
2026-07-16 18:11:57,BITCOIN,64123,-1.44
2026-07-16 20:06:31,BITCOIN,64189,-1.14
2026-07-16 22:09:30,BITCOIN,64147,-0.98
2026-07-17 00:04:10,BITCOIN,63751,-1.57
2026-07-17 04:13:45,BITCOIN,63458,-1.77
2026-07-17 07:23:19,BITCOIN,62768,-2.75
2026-07-17 10:06:00,BITCOIN,63013,-1.72
2026-07-17 12:15:48,BITCOIN,63191,-1.43
2026-07-17 14:48:47,BITCOIN,63170,-2.3
2026-07-17 16:21:01,BITCOIN,63472,-1.46
2026-07-17 18:11:22,BITCOIN,63997,-0.26
2026-07-17 20:11:03,BITCOIN,63987,-0.24
2026-07-17 21:59:43,BITCOIN,64053,-0.07
2026-07-17 23:01:06,BITCOIN,63933,0.05
2026-07-18 03:15:16,BITCOIN,63908,0.54
2026-07-18 06:11:13,BITCOIN,63922,1.86
2026-07-18 08:53:11,BITCOIN,63958,1.81
2026-07-18 10:24:07,BITCOIN,63949,1.49
2026-07-18 11:57:42,BITCOIN,63973,1.11
2026-07-18 13:41:00,BITCOIN,64014,2.38
